step,system_total_running,system_total_backlogged,system_total_stopped,system_total_arrived,system_total_departed,system_total_teleported,system_total_waiting_time,system_mean_waiting_time,system_mean_speed,0_stopped,0_accumulated_waiting_time,0_average_speed,1_stopped,1_accumulated_waiting_time,1_average_speed,10_stopped,10_accumulated_waiting_time,10_average_speed,11_stopped,11_accumulated_waiting_time,11_average_speed,12_stopped,12_accumulated_waiting_time,12_average_speed,13_stopped,13_accumulated_waiting_time,13_average_speed,14_stopped,14_accumulated_waiting_time,14_average_speed,15_stopped,15_accumulated_waiting_time,15_average_speed,2_stopped,2_accumulated_waiting_time,2_average_speed,3_stopped,3_accumulated_waiting_time,3_average_speed,4_stopped,4_accumulated_waiting_time,4_average_speed,5_stopped,5_accumulated_waiting_time,5_average_speed,6_stopped,6_accumulated_waiting_time,6_average_speed,7_stopped,7_accumulated_waiting_time,7_average_speed,8_stopped,8_accumulated_waiting_time,8_average_speed,9_stopped,9_accumulated_waiting_time,9_average_speed,agents_total_stopped,agents_total_accumulated_waiting_time
5.0,16,0,0,0,16,0,0.0,0.0,13.755182519395127,0,0.0,0.9712025576219521,0,0.0,0.9716001051461671,0,0.0,1.0,0,0.0,1.0,0,0.0,0.9703350915886386,0,0.0,1.0,0,0.0,1.0,0,0.0,1.0,0,0.0,0.9683737848515954,0,0.0,0.9671528100117313,0,0.0,0.9769379000567953,0,0.0,1.0,0,0.0,1.0,0,0.0,1.0,0,0.0,0.9678631366461827,0,0.0,1.0,0,0.0
10.0,32,0,0,0,32,0,0.0,0.0,13.282211526903666,0,0.0,0.9743104942057441,0,0.0,0.9719976476257429,0,0.0,1.0,0,0.0,1.0,0,0.0,0.9672693578304373,0,0.0,1.0,0,0.0,1.0,0,0.0,1.0,0,0.0,0.9728473866775142,0,0.0,0.9738491782297355,0,0.0,0.80544052227887,0,0.0,1.0,0,0.0,1.0,0,0.0,1.0,0,0.0,0.9740095118436777,0,0.0,1.0,0,0.0
15.0,40,0,0,0,40,0,0.0,0.0,11.76253304455138,0,0.0,0.8751135727575851,0,0.0,0.9562625349807348,0,0.0,1.0,0,0.0,1.0,0,0.0,0.9511723375681285,0,0.0,0.7651973522376768,0,0.0,1.0,0,0.0,1.0,0,0.0,0.6148072156202472,0,0.0,0.7086329836428725,0,0.0,0.9480802316152689,0,0.0,0.7492771123402758,0,0.0,1.0,0,0.0,1.0,0,0.0,0.9519348914216142,0,0.0,0.9905102429797314,0,0.0
20.0,56,0,5,0,56,0,17.0,0.30357142857142855,11.274149379227435,1,3.0,0.7685445855967451,0,0.0,0.9541729456825624,0,0.0,1.0,0,0.0,1.0,0,0.0,0.9459565631963798,0,0.0,0.9445992603060377,0,0.0,1.0,0,0.0,1.0,2,7.0,0.5573104578743806,2,7.0,0.49722925291898484,0,0.0,0.9068859175866841,0,0.0,0.9499070404635267,0,0.0,1.0,0,0.0,1.0,0,0.0,0.979622278364276,0,0.0,0.9717380194754613,5,17.0
25.0,72,0,1,0,72,0,2.0,0.027777777777777776,10.515746622306885,0,0.0,0.8160061697741061,0,0.0,0.8936536326330095,0,0.0,1.0,0,0.0,1.0,0,0.0,0.9623860708083385,0,0.0,0.9351172067862216,0,0.0,1.0,0,0.0,1.0,0,3.0,0.6306149749506382,0,2.0,0.5535113095640585,1,3.0,0.6985950418417953,0,0.0,0.791822099882685,0,4.0,0.4927520620654423,0,4.0,0.5260373564072764,0,0.0,0.9301889846923824,0,0.0,0.7616258681369683,1,16.0
30.0,80,0,9,0,80,0,27.0,0.3375,9.75171859615281,2,6.0,0.6199022441167228,1,3.0,0.6160080265988627,0,0.0,1.0,0,0.0,1.0,0,0.0,0.9679756413445947,0,0.0,0.6476642626631478,0,0.0,0.9123677984723317,0,0.0,1.0,0,0.0,0.9125945110175296,0,0.0,0.9413277240655096,1,10.0,0.8376225699906794,2,5.0,0.5117973474027653,0,4.0,0.874209448864842,0,4.0,0.8417596857282955,1,1.0,0.49306542679458665,2,5.0,0.3546596752417616,9,38.0
35.0,96,0,18,0,96,0,77.0,0.8020833333333334,9.101692587608047,4,19.0,0.598703788420273,1,2.0,0.5780429301566199,0,0.0,1.0,0,0.0,1.0,0,0.0,0.7524423308793604,3,8.0,0.4750689103286799,0,0.0,0.9716453392068539,0,0.0,1.0,1,2.0,0.7787200701225655,0,0.0,0.9521971748287521,1,4.0,0.823545770337312,4,28.0,0.3448746519391909,0,4.0,0.8493028507401842,0,4.0,0.8954549245934388,0,1.0,0.6981949694069042,4,24.0,0.3984624689628457,18,96.0
40.0,112,0,18,0,112,0,68.0,0.6071428571428571,7.880107583211971,0,12.0,0.6125825849227305,1,8.0,0.7069829728666835,0,4.0,0.4524539977833865,0,0.0,1.0,2,4.0,0.5194959313262177,5,27.0,0.21928909656371495,0,0.0,1.0,0,0.0,0.9516360536818468,2,10.0,0.5353287918384746,2,5.0,0.6451121388544447,2,9.0,0.6628885537379315,0,23.0,0.5579664763100883,2,10.0,0.3570510335715728,2,7.0,0.22880833194914435,0,2.0,0.9578067883700709,0,17.0,0.68329538831506,18,138.0
45.0,120,0,12,0,120,0,51.0,0.425,8.120660623715699,2,5.0,0.6333468169385212,0,4.0,0.8062195575315604,0,4.0,0.8989092763419101,0,2.0,0.4451310327517831,4,19.0,0.3638635443306078,0,20.0,0.20063439497805105,0,2.0,0.49064700589510785,0,0.0,0.9265136688578125,0,6.0,0.5045581285290321,0,3.0,0.7567283001171766,0,3.0,0.4574512237478211,0,6.0,0.8066970052572651,5,31.0,0.39573960235076716,0,10.0,0.22665784170475328,0,2.0,0.8359226715319706,1,8.0,0.7181480086417975,12,125.0
50.0,136,0,17,0,136,0,83.0,0.6102941176470589,9.058572802782534,2,8.0,0.6185228087182588,1,6.0,0.7821261923189645,0,2.0,0.8576988392086295,0,4.0,0.8209721981547425,0,16.0,0.5982520339185112,1,9.0,0.3152902182609016,0,4.0,0.8336413682866417,1,1.0,0.00439736221477119,0,2.0,0.882638727025676,0,0.0,0.7694925277950297,3,14.0,0.5271088803797587,0,4.0,0.7117941133232876,6,61.0,0.5855586330779351,0,4.0,0.7861301699738592,3,7.0,0.6014023289625156,0,2.0,0.43828761906077396,17,144.0
55.0,152,0,20,0,152,0,74.0,0.4868421052631579,8.949345543461527,4,23.0,0.5382166984579095,1,6.0,0.49319212552361974,0,4.0,0.6401049723432624,0,4.0,0.8268121272236697,0,0.0,0.8351762439086472,0,6.0,0.8987047133056101,0,4.0,0.9083059701968471,0,0.0,1.0,3,6.0,0.5950306785855513,2,6.0,0.5640337819228357,1,12.0,0.7275529109858335,0,5.0,0.7520128468092374,0,45.0,0.506282980919825,1,6.0,0.814022747066493,4,29.0,0.4190957827788828,4,12.0,0.4956183625363337,20,168.0
60.0,160,0,18,0,160,0,74.0,0.4625,8.301756816379283,0,16.0,0.5728720472769336,6,27.0,0.3784715301377027,0,6.0,0.8403271255720124,1,5.0,0.5261703634594915,0,0.0,0.7325663948030559,0,6.0,0.912155955712236,0,0.0,0.8364397329092593,0,0.0,0.9549807211986696,3,19.0,0.3876879554678274,0,3.0,0.6151884333134163,2,17.0,0.7098218702711333,0,5.0,0.7201586626041675,4,15.0,0.3240763982285006,2,13.0,0.41434154893972214,0,23.0,0.5502501476735042,0,15.0,0.6010994763715478,18,170.0
65.0,176,0,16,0,176,0,31.0,0.17613636363636365,7.941612933854321,0,0.0,0.6469471825174773,0,28.0,0.6024738762407068,0,6.0,0.885579323716904,0,7.0,0.40628557087772477,2,7.0,0.5869566644478013,2,6.0,0.37973058997790393,0,0.0,1.0,0,2.0,0.809186536778695,0,14.0,0.4716551340743952,3,8.0,0.5864242633600049,1,7.0,0.38176448338702357,0,3.0,0.8733635612877789,3,19.0,0.4467080887896765,1,13.0,0.3193994169504797,0,4.0,0.7410800161308879,4,11.0,0.3988764926102727,16,135.0
70.0,188,0,29,4,192,0,105.0,0.5585106382978723,8.391274830860699,2,6.0,0.6351818100621155,2,8.0,0.7180310294892829,0,2.0,0.8704598460922246,3,12.0,0.45632760580728554,1,4.0,0.5513972272308428,1,15.0,0.2157391623488789,0,4.0,0.7282517590577168,1,6.0,0.6953530010522492,0,4.0,0.7991774520734619,4,24.0,0.39452797943194584,7,32.0,0.3748800154313352,0,4.0,0.841557161739228,5,34.0,0.5020923998914781,0,5.0,0.7284101637145192,2,3.0,0.491404281515114,1,20.0,0.5619326026973105,29,183.0
75.0,188,0,29,12,200,0,159.0,0.8457446808510638,8.368126492483283,4,21.0,0.5795295546022846,1,7.0,0.47404132788015585,1,3.0,0.28840110387329043,5,36.0,0.4775996802894387,1,7.0,0.7938285245086776,0,9.0,0.8112368187005948,0,4.0,0.9045310845399022,0,4.0,0.6178436912522248,2,10.0,0.6432971546152141,0,17.0,0.4785217106831182,3,40.0,0.5588660319009771,0,8.0,0.7588867063818759,5,59.0,0.4825405258160566,1,12.0,0.7348382688471354,6,29.0,0.3260892033702963,0,6.0,0.5794677201518317,29,272.0
80.0,200,0,24,16,216,0,110.0,0.55,8.085330970244089,0,13.0,0.5517089245550434,5,22.0,0.3498604070336114,0,8.0,0.3118855135952571,0,31.0,0.3627530657695485,1,12.0,0.6368083471435941,0,8.0,0.8937650418064064,0,4.0,0.8812350204755585,0,4.0,0.21329099369944948,5,28.0,0.5126396340755467,0,0.0,0.8825944157344965,3,26.0,0.6041751379782299,1,9.0,0.5931392893309222,2,47.0,0.11112017814321373,2,18.0,0.7686277459441808,1,30.0,0.5878151104895166,4,16.0,0.37724665665404894,24,276.0
85.0,216,0,22,16,232,0,71.0,0.3287037037037037,8.095459368862347,2,7.0,0.6392259065245003,2,30.0,0.5584763909405337,0,8.0,0.7765458585349785,5,27.0,0.38098840460135575,4,23.0,0.4852052666138965,2,7.0,0.5850747147269676,3,5.0,0.5631704971421512,0,2.0,0.4936534982747543,1,28.0,0.3868283577936147,0,0.0,0.757068146455683,1,21.0,0.36115623068749503,0,9.0,0.5792626828583699,1,17.0,0.36814865525785356,1,5.0,0.7110180515472647,0,9.0,0.8047378421032293,0,22.0,0.4783652830175935,22,220.0
90.0,218,0,28,22,240,0,105.0,0.481651376146789,8.447129666275563,1,5.0,0.5605584606218549,3,19.0,0.6484112933606059,0,8.0,0.867102292867134,1,32.0,0.6420305704348103,0,10.0,0.5706466879672215,0,7.0,0.2935443331114288,1,10.0,0.4558669182706085,0,4.0,0.8040147423405936,2,16.0,0.6519857862275665,3,11.0,0.5216687998999459,5,31.0,0.37912691388560793,2,10.0,0.5683338621686008,1,18.0,0.7925448588432047,4,14.0,0.4389903026065513,2,8.0,0.43505427098659627,3,15.0,0.6521287382370771,28,218.0
95.0,224,0,31,32,256,0,103.0,0.45982142857142855,8.31187858197976,4,18.0,0.5613631730163755,5,30.0,0.49477219048276266,0,4.0,0.8501619873835461,2,10.0,0.5905225078821236,3,9.0,0.4588051280236967,4,18.0,0.2457193354814622,4,14.0,0.37593634657136266,0,4.0,0.8454103560850166,2,7.0,0.6892050384274047,2,11.0,0.4723113647747285,2,35.0,0.5095954869997988,0,9.0,0.643478590494344,0,8.0,0.8966559316104594,1,17.0,0.244106423425277,1,13.0,0.4648831538472352,1,18.0,0.48736841606477094,31,225.0
100.0,233,0,41,39,272,0,164.0,0.703862660944206,7.92880914892784,1,15.0,0.5689548030109425,2,33.0,0.3628975323491826,2,3.0,0.3229972538832332,0,8.0,0.46262811957798106,0,9.0,0.691057897548498,2,26.0,0.4067690827425142,6,45.0,0.31546466408352364,0,4.0,0.8445487044919754,4,21.0,0.6121162323167638,2,16.0,0.7473108431886589,4,23.0,0.6371819379573721,2,11.0,0.3522504426219921,2,7.0,0.4562767522250183,3,21.0,0.672618814125124,3,11.0,0.6936607982134237,8,34.0,0.3497890407099678,41,287.0
105.0,225,0,40,55,280,0,207.0,0.92,7.714168316279715,3,13.0,0.5909308908955722,3,24.0,0.6483023856414405,7,34.0,0.15210062676674244,6,26.0,0.41846246444801255,0,4.0,0.9135414319096045,3,29.0,0.6397836655302439,8,84.0,0.46905400339476655,0,0.0,0.7431289984343572,1,21.0,0.3305053572735468,1,6.0,0.7194496855749551,1,17.0,0.333868369287681,0,8.0,0.5147834468767667,2,14.0,0.1940187952389753,0,12.0,0.8248757106629526,0,6.0,0.7225806746296314,5,51.0,0.4154528471766088,40,349.0
110.0,231,0,42,65,296,0,322.0,1.393939393939394,8.338600279778657,4,31.0,0.47480442529381994,3,39.0,0.728029592200997,7,69.0,0.5146747858173459,1,31.0,0.6558116108824431,0,0.0,0.7245898153886482,0,14.0,0.6141161458590182,8,124.0,0.1872440364114867,0,4.0,0.4985427735130272,5,21.0,0.4078204415027022,4,15.0,0.55314706782808,5,22.0,0.41707900634866296,0,8.0,0.8594313127923349,2,18.0,0.7004043655603674,1,4.0,0.4493430563198305,1,3.0,0.5760564895033834,1,33.0,0.48080961540892025,42,436.0
115.0,243,0,37,69,312,0,204.0,0.8395061728395061,7.840598089444562,1,24.0,0.5990219494511763,5,58.0,0.4740416926209388,1,63.0,0.6329689516667167,1,9.0,0.5261979184159429,2,6.0,0.518187032681137,1,9.0,0.31591668637361114,6,121.0,0.05183447725045955,0,8.0,0.7177233306601013,2,29.0,0.41408347385215105,6,43.0,0.37615664453821923,1,23.0,0.5233087627743324,0,4.0,0.8009604589345177,0,6.0,0.8749460652113638,5,25.0,0.17884737594381248,6,27.0,0.3404394804307114,0,19.0,0.5627893541939955,37,474.0
120.0,238,0,49,82,320,0,254.0,1.0672268907563025,7.429816210535117,2,5.0,0.6400972387910381,10,98.0,0.1900899991502518,2,20.0,0.3444838420240739,6,26.0,0.3812286761160445,0,6.0,0.4970370996517667,6,37.0,0.40877577164236106,0,60.0,0.5561923864869567,0,8.0,0.8227640404916902,4,19.0,0.36584659751248216,1,38.0,0.5316743412255482,3,15.0,0.6994233454790303,1,5.0,0.5083793209133548,2,6.0,0.45854533369211764,5,54.0,0.4502071799849938,2,38.0,0.5879518384826521,5,31.0,0.5095761492809345,49,466.0
125.0,236,0,39,100,336,0,232.0,0.9830508474576272,7.671288974632003,1,3.0,0.559712598138169,13,165.0,0.2492316360435678,4,27.0,0.13007057969464894,1,31.0,0.1584328712707341,0,4.0,0.9182079449557579,1,39.0,0.6496386639880433,0,10.0,0.7854188580892825,0,4.0,0.8376067934744278,0,14.0,0.4884912120732432,0,3.0,0.7587923406542465,0,9.0,0.7255235046248126,6,28.0,0.3012317891522754,6,33.0,0.1036825068293517,0,40.0,0.7527813206993927,2,16.0,0.6515953329811042,5,38.0,0.4770315727674642,39,464.0
130.0,247,0,51,105,352,0,378.0,1.5303643724696356,7.468327426346459,4,20.0,0.5949901288198011,13,230.0,0.4189240039152385,7,51.0,0.4020282846443822,4,20.0,0.4547344097567177,0,0.0,0.7134500886381386,2,9.0,0.5247284782486272,1,9.0,0.5987508797526812,1,5.0,0.5832450431346365,0,0.0,0.8858613555099941,2,4.0,0.5397466907939257,3,9.0,0.4003289356361784,7,65.0,0.4818488154981629,1,36.0,0.483075733935383,0,4.0,0.7392430198797212,2,8.0,0.4260206473351758,4,32.0,0.3572191782057862,51,502.0
135.0,255,0,58,105,360,0,422.0,1.6549019607843136,6.8892863521578755,0,18.0,0.5443132656587507,7,214.0,0.3360972041151409,7,85.0,0.5169793743320626,5,43.0,0.5739208503794918,3,11.0,0.6396880313921198,1,16.0,0.25017405084821276,6,28.0,0.5056083399089043,3,8.0,0.1540095054513468,0,4.0,0.7881179228111296,5,24.0,0.32151044820863545,1,15.0,0.37045071772122823,7,100.0,0.5042342611570786,0,8.0,0.8107581409104597,0,2.0,0.4244630433158056,5,27.0,0.3475057155525594,8,60.0,0.32622034260162996,58,663.0
140.0,259,0,53,117,376,0,381.0,1.471042471042471,7.198001370086962,3,8.0,0.6334762546925177,3,138.0,0.2928354823947944,1,69.0,0.4974765337786354,5,70.0,0.3838081425183031,1,12.0,0.40118139543045755,5,27.0,0.438523188139246,7,63.0,0.31045878275026667,4,23.0,0.4028409185058465,1,5.0,0.8077900303651128,2,28.0,0.3880626064800751,3,16.0,0.6411870033302415,9,140.0,0.1504738333762685,0,0.0,0.9285177516967824,2,9.0,0.11706848362788372,1,25.0,0.6324113962200438,6,77.0,0.4099596753132398,53,710.0
145.0,261,0,63,131,392,0,542.0,2.0766283524904217,7.687531317000971,1,5.0,0.6667840182648972,3,145.0,0.35408483914113853,6,39.0,0.390674428181692,5,96.0,0.44087326726546416,3,20.0,0.6856290578152381,5,52.0,0.6375255827976183,7,98.0,0.4014500880694338,4,43.0,0.6253563900961306,3,12.0,0.731566677718853,0,7.0,0.6639958234850859,1,10.0,0.6950662363989273,13,206.0,0.07789684972331425,0,0.0,0.9197333371322673,2,13.0,0.611786833047439,2,13.0,0.7348041467501883,8,83.0,0.216533785043127,63,842.0
150.0,249,0,57,151,400,0,557.0,2.2369477911646585,6.782491523621062,2,10.0,0.6059301546290154,9,177.0,0.40693914108086227,2,45.0,0.3923215089262349,5,121.0,0.4544341150813617,3,35.0,0.6150071788999467,5,73.0,0.5187460415448325,7,133.0,0.3288334396111569,1,26.0,0.3819849812248961,1,9.0,0.41693852341541593,0,0.0,0.906837578444779,3,13.0,0.45222275678969315,8,207.0,0.4494982404077969,0,4.0,0.2946422952447102,2,20.0,0.7525853184260665,0,7.0,0.40270793547740574,9,85.0,0.23566272714228523,57,965.0
155.0,254,0,62,162,416,0,297.0,1.169291338582677,6.07696037366249,0,6.0,0.668368931719614,14,239.0,0.24854322143635,8,47.0,0.32285616219522184,1,89.0,0.5163428701564282,2,21.0,0.3732406163910825,2,59.0,0.22775676641466988,6,121.0,0.13174914969737048,5,23.0,0.09877713340676636,6,24.0,0.3784859370135539,0,0.0,0.9605142015077051,1,21.0,0.37837911025106324,0,115.0,0.5261900046101767,1,13.0,0.784667718109109,2,28.0,0.7128160870936356,6,28.0,0.3810941182125269,8,101.0,0.297195477771639,62,935.0
160.0,262,0,45,170,432,0,199.0,0.7595419847328244,7.253042868854664,3,7.0,0.657139211170762,12,241.0,0.21558545370746032,10,65.0,0.10138107274153989,0,8.0,0.6855233303238704,2,13.0,0.5106691074317927,0,11.0,0.5268718983863143,0,31.0,0.5370310742119278,3,38.0,0.4383340646493509,1,28.0,0.4551228944826627,0,2.0,0.8632213320907945,3,13.0,0.6538124870508288,2,91.0,0.348251770791072,1,14.0,0.8460824662288104,1,1.0,0.48521515118393965,2,31.0,0.5845148204252234,5,65.0,0.4447485427651153,45,659.0
165.0,263,0,46,177,440,0,162.0,0.6159695817490495,7.388320169899421,2,8.0,0.5082311525944141,5,149.0,0.3089948407666799,6,77.0,0.19113635050027386,1,5.0,0.37496429105290696,4,28.0,0.5967195688743228,0,4.0,0.8660728427090791,2,29.0,0.6713677501767509,0,12.0,0.7855435227404255,3,14.0,0.6215073409519898,1,5.0,0.8105614045003585,1,9.0,0.6701615957514524,7,119.0,0.1396890685072671,1,3.0,0.2493015192265342,6,18.0,0.24294747838862005,3,20.0,0.6725364098801027,4,63.0,0.3553437900573221,46,563.0
170.0,270,0,62,186,456,0,277.0,1.025925925925926,7.212857665038221,4,21.0,0.5628132537230075,2,120.0,0.49755177085374175,5,95.0,0.45619587756602054,7,36.0,0.12698608431567684,0,19.0,0.7220768178938334,2,11.0,0.2503112849048503,6,49.0,0.5807716646736171,2,13.0,0.675964141911055,0,11.0,0.7307667174842045,2,11.0,0.7305697883843016,3,13.0,0.4232204017082404,13,176.0,0.26576423804723004,6,25.0,0.11665430115306336,1,24.0,0.23605080873955822,5,36.0,0.5084567379457323,4,51.0,0.4258931893335806,62,711.0
175.0,273,0,74,199,472,0,401.0,1.468864468864469,5.954275447251601,1,15.0,0.5888106420033657,7,140.0,0.32770328279220795,11,109.0,0.3496863472612744,5,57.0,0.515466211335473,2,7.0,0.5702034678096941,2,16.0,0.5101713717484397,7,56.0,0.20716870898184733,2,27.0,0.59280282578788,2,9.0,0.5346797055400304,0,8.0,0.3914018864278614,7,44.0,0.36912864766650116,15,245.0,0.28741972477257177,0,27.0,0.5758918825822625,1,14.0,0.35344767698544455,7,65.0,0.3328013589339811,5,48.0,0.10637748746914605,74,887.0
180.0,272,0,70,208,480,0,534.0,1.963235294117647,6.011477174019076,2,7.0,0.7323013250354705,7,135.0,0.18977776972407714,8,122.0,0.11688149767020799,0,29.0,0.6599815522736726,1,9.0,0.31988332710009426,0,11.0,0.8471440392341649,7,50.0,0.1624540134018135,3,40.0,0.4113234158609354,3,14.0,0.33027290298424117,6,27.0,0.36270631431366634,1,44.0,0.5826715702949217,18,329.0,0.21572117258393966,0,4.0,0.9077959150604139,0,8.0,0.7984936504476313,9,108.0,0.24035651811382874,5,45.0,0.19095730513830045,70,982.0
185.0,282,0,63,214,496,0,504.0,1.7872340425531914,6.691064221044464,2,5.0,0.5435239342334076,5,98.0,0.2916776547914654,6,109.0,0.23751281162513643,2,22.0,0.33258804216032667,2,10.0,0.42029143550713577,2,11.0,0.5856415330302421,9,79.0,0.3395434220494388,1,20.0,0.5992094590046778,3,21.0,0.6319416539192714,0,29.0,0.6126158099937515,1,13.0,0.6994972792644485,17,346.0,0.08440392091265178,0,2.0,0.7221175038092557,0,8.0,0.8561424757858789,10,157.0,0.39933058913388997,3,43.0,0.15760557562767813,63,973.0
190.0,287,0,62,225,512,0,394.0,1.372822299651568,6.837221620706509,4,20.0,0.6012632738512866,3,91.0,0.47511693335596655,1,88.0,0.49774747961452914,7,50.0,0.03920055203046472,2,8.0,0.3598010209833224,6,31.0,0.20786989636135403,9,124.0,0.43177887557420686,1,9.0,0.2814767609838339,1,14.0,0.6286574835844521,2,11.0,0.7183370005300456,2,9.0,0.44835009158512995,11,288.0,0.14847331591531326,0,8.0,0.7824676403658697,1,5.0,0.44086678170766724,6,144.0,0.44990343278431294,6,50.0,0.16207802231743484,62,950.0
195.0,280,0,62,240,520,0,346.0,1.2357142857142858,6.229595935853216,1,17.0,0.5624287925056353,7,112.0,0.31258605961236885,6,90.0,0.3150368093776193,11,101.0,0.30898339863783947,7,30.0,0.30748359195495417,3,40.0,0.41773438991835976,3,119.0,0.22372018384867495,1,12.0,0.12446178410197421,2,11.0,0.4565761160181221,0,1.0,0.4964782059291783,6,35.0,0.3509171746479185,2,274.0,0.4041092831037333,0,8.0,0.88795930008585,5,24.0,0.062173442580528954,1,69.0,0.37894163857574525,7,86.0,0.3832376901857375,62,1029.0
200.0,275,0,82,261,536,0,558.0,2.0290909090909093,6.741472442857557,2,8.0,0.5917457562272532,14,168.0,0.17565813601970762,13,134.0,0.06597968936359516,11,158.0,0.44705159699114894,7,65.0,0.2774340002235652,1,20.0,0.67636063420936,6,70.0,0.40710820099245026,1,14.0,0.6656622505180468,2,14.0,0.4219881050600266,4,16.0,0.42559145661405323,1,33.0,0.614223567440053,6,279.0,0.33854878746185324,0,4.0,0.8898059615904553,1,31.0,0.5869830112873776,6,31.0,0.3758629657673579,7,119.0,0.6185899114124245,82,1164.0
205.0,277,0,71,275,552,0,576.0,2.07942238267148,6.795590795791309,1,6.0,0.6853907582023749,13,192.0,0.23473482147509106,15,208.0,0.2160059802712048,5,154.0,0.4544048563770903,1,59.0,0.46776797049938923,1,11.0,0.6773701832601935,3,51.0,0.5379600297580595,2,12.0,0.6671671826686455,2,12.0,0.5569707280461091,1,18.0,0.6689287531123966,2,10.0,0.7523832522438313,10,261.0,0.14758968200290895,1,5.0,0.3930697142290112,0,4.0,0.8459365129246326,7,64.0,0.5122883039734957,7,152.0,0.5765016211961007,71,1219.0
210.0,279,0,55,281,560,0,330.0,1.1827956989247312,6.707522543300613,3,11.0,0.5734428339699128,5,148.0,0.4151183543917923,9,212.0,0.45430631983460973,5,98.0,0.36397306638416244,1,16.0,0.5401856249884519,1,20.0,0.42545344726199885,4,45.0,0.482831460185129,2,20.0,0.6910813472349119,3,25.0,0.5654681709524265,3,14.0,0.670109682844377,0,2.0,0.4941731335488707,9,215.0,0.1377201563854346,3,19.0,0.5380789660872175,0,2.0,0.44727413835396423,1,59.0,0.5508035852512837,6,130.0,0.31024160869177503,55,1036.0
215.0,293,0,46,283,576,0,219.0,0.7474402730375427,6.722588031817096,0,6.0,0.6188780957588625,5,100.0,0.39850174585969905,3,124.0,0.3100206895496835,7,117.0,0.1260859986586247,1,18.0,0.6375034020919907,0,6.0,0.7643519568010777,4,33.0,0.4189086316659951,2,32.0,0.6144055831527133,0,15.0,0.6816270332755453,0,8.0,0.5998888679067643,4,18.0,0.35010779261992586,8,148.0,0.3383992822196851,0,15.0,0.7412314021216602,5,27.0,0.1656761633810615,1,18.0,0.435575547071502,6,56.0,0.15465413552062102,46,741.0
220.0,296,0,49,296,592,0,249.0,0.8412162162162162,7.374883001489999,2,6.0,0.708491672355803,7,69.0,0.4410925275046759,4,74.0,0.26343469856760793,9,134.0,0.10786792595681055,1,20.0,0.8253889154428456,0,8.0,0.8956648359997701,1,25.0,0.5027116231005332,0,9.0,0.5251426265467959,1,3.0,0.6878350424082371,5,15.0,0.37979943620991374,1,26.0,0.6346963637405355,5,148.0,0.26735633941520887,0,4.0,0.8196906748277991,0,27.0,0.7170295796483768,1,9.0,0.3912177825581418,12,74.0,0.08052327454624757,49,651.0
225.0,290,0,52,310,600,0,239.0,0.8241379310344827,7.295418859173877,2,8.0,0.5502134605168906,4,66.0,0.24898302078058598,5,47.0,0.38852876803818837,9,136.0,0.25820363647651373,0,0.0,0.6174417473555992,2,11.0,0.6349797892245443,3,27.0,0.5039114219230957,0,6.0,0.7836267366757047,3,12.0,0.3803269188280044,1,23.0,0.4143118562024479,2,9.0,0.6807053543730798,7,127.0,0.1834005570023202,0,4.0,0.8992935515589975,0,8.0,0.9201413647606156,7,32.0,0.482085653882508,7,103.0,0.4861658936920234,52,619.0
230.0,299,0,54,317,616,0,246.0,0.822742474916388,6.526828590753664,3,17.0,0.5839296987036867,8,58.0,0.4422232390583884,3,43.0,0.44181297572297495,3,68.0,0.2068552386384775,3,9.0,0.4824219312685308,6,27.0,0.16611531044052605,2,19.0,0.28884738130816917,2,11.0,0.6384918676717168,5,26.0,0.2927297381315245,2,12.0,0.6600362659263733,2,9.0,0.475670698055832,14,172.0,0.23573912888816925,0,0.0,0.4294041173807244,0,4.0,0.5715494209709832,1,36.0,0.5481601764684042,0,58.0,0.5501927994367847,54,569.0
235.0,306,0,72,326,632,0,360.0,1.1764705882352942,6.8700918806464255,1,11.0,0.5997449457428888,4,57.0,0.41466687684339926,6,39.0,0.6921678111007811,3,58.0,0.37693484080067174,5,29.0,0.5606048692772089,7,41.0,0.04957216049524962,6,29.0,0.30901606924418246,2,21.0,0.6445532881827717,4,29.0,0.31001907351510255,0,6.0,0.7430127518420828,6,29.0,0.3669299197032673,17,255.0,0.3674560964926684,1,9.0,0.35749707274288517,6,24.0,0.372423283865143,2,18.0,0.48723980327367855,2,19.0,0.43114989066116055,72,674.0
240.0,305,0,60,335,640,0,355.0,1.1639344262295082,6.580753990993183,3,13.0,0.5544181410306638,5,49.0,0.3493540735102854,1,36.0,0.49554272863709875,7,75.0,0.3497624534178082,0,25.0,0.6262370858353709,1,32.0,0.3456568809812777,7,60.0,0.26981296790364373,1,7.0,0.19572832713033875,8,39.0,0.4211976512577,1,4.0,0.5479799750687064,0,27.0,0.6519968082757719,13,262.0,0.18466132591969484,1,18.0,0.6450548427127353,3,32.0,0.40222796012342366,3,17.0,0.33684494892198674,6,34.0,0.2359334638146159,60,730.0
245.0,300,0,76,356,656,0,403.0,1.3433333333333333,6.756145380770712,2,12.0,0.5797310859131772,8,71.0,0.3537942018945596,5,17.0,0.30516351330800723,6,84.0,0.393788295651004,1,6.0,0.43324179281949216,4,38.0,0.41654380088450244,11,109.0,0.3230590825875778,4,25.0,0.2268059319202599,7,66.0,0.3976701030693976,0,7.0,0.4887445533262676,1,6.0,0.7850861734708984,12,218.0,0.12012455438804491,1,23.0,0.8045411076094567,4,27.0,0.5319625071866702,7,42.0,0.5291869342312039,3,42.0,0.4580436798268938,76,793.0
250.0,295,0,67,377,672,0,486.0,1.647457627118644,6.5820863829945635,3,18.0,0.6428564335690095,10,116.0,0.40962376732859707,8,33.0,0.05250500778888447,5,45.0,0.4550801352133196,1,11.0,0.3844395956947209,6,67.0,0.6229386015019107,12,164.0,0.3797263706552094,4,45.0,0.4801034401358465,5,59.0,0.332315528117143,3,15.0,0.6172913311771574,0,0.0,0.6641079133589698,3,222.0,0.1952321145923664,1,10.0,0.5005417503856072,4,41.0,0.3143423021142712,1,42.0,0.5642227956063849,1,24.0,0.6690861858228863,67,912.0
255.0,290,0,65,390,680,0,493.0,1.7,6.6215313543378524,0,9.0,0.6881232411457018,6,117.0,0.4938347502710093,5,47.0,0.15658531071326942,5,45.0,0.5645985037864376,4,23.0,0.5650505615300073,2,61.0,0.4606171094329413,12,222.0,0.15223477651181366,0,29.0,0.7606973980283492,6,52.0,0.26211790193374357,0,12.0,0.7069496002734672,4,15.0,0.4083373155788977,9,240.0,0.25963731293061426,7,28.0,0.19396564830204507,1,28.0,0.6071795466430291,1,9.0,0.4464925204314981,3,23.0,0.44178977273361014,65,960.0
260.0,297,0,51,399,696,0,315.0,1.0606060606060606,6.713521253944654,1,3.0,0.7337245637642426,1,58.0,0.3633608141690622,4,55.0,0.30517769596830246,2,38.0,0.4999517512888203,1,19.0,0.6168090758600349,7,36.0,0.2692363664608358,9,222.0,0.03569599343569182,2,11.0,0.45761227593132203,3,50.0,0.3609115058952192,1,5.0,0.6375694163480032,0,18.0,0.7068707419967714,9,233.0,0.29659302168977403,7,67.0,0.10503746707696657,1,13.0,0.8097301481667647,1,5.0,0.41919317179431814,2,23.0,0.4834096462401215,51,856.0
265.0,303,0,59,409,712,0,266.0,0.8778877887788779,6.945490773619812,0,0.0,0.6613531740295409,7,34.0,0.36724716755886755,4,68.0,0.5494271039579064,8,32.0,0.39829330933859136,3,13.0,0.4674102844930498,2,38.0,0.3744634209547476,3,147.0,0.26520738526629567,7,37.0,0.29238478707555804,6,34.0,0.26559271777073407,2,7.0,0.33036435394443703,1,7.0,0.7728300174902754,5,164.0,0.3869505955059824,1,66.0,0.6556225593692407,1,16.0,0.7776946904930295,7,30.0,0.5074133616228539,2,14.0,0.5709240779594553,59,707.0
270.0,295,0,69,425,720,0,415.0,1.4067796610169492,7.150691813434647,3,8.0,0.6445413868632381,2,42.0,0.43053520961080455,4,88.0,0.6888234316714272,10,79.0,0.3654889674075628,7,38.0,0.24250316436386257,6,31.0,0.5261747533270319,3,60.0,0.5760759274187773,6,55.0,0.4461098096272637,8,62.0,0.2168520048609325,3,20.0,0.39433529072182094,1,4.0,0.48900118710726004,2,73.0,0.4492638142679975,0,8.0,0.8452021534880191,1,3.0,0.34963373238243634,7,65.0,0.47640296493251433,6,29.0,0.5311664661174635,69,665.0
275.0,301,0,44,435,736,0,231.0,0.7674418604651163,6.989714716879306,1,6.0,0.6232009452078929,5,34.0,0.5144109147474297,0,50.0,0.6029855601164921,6,92.0,0.39713698973189193,3,53.0,0.3935125357799624,2,36.0,0.34896150998301667,3,55.0,0.595683469565489,0,38.0,0.485918882572959,5,65.0,0.49016286618602933,0,17.0,0.5643681014949928,5,24.0,0.3999665195906841,5,47.0,0.4272625225141881,2,7.0,0.6187558152560153,3,18.0,0.4257535354753101,3,66.0,0.2619289941661765,1,26.0,0.348902539313249,44,634.0
280.0,305,0,72,447,752,0,302.0,0.9901639344262295,6.921894241760552,2,11.0,0.7306578152430511,3,36.0,0.30202839013887317,7,18.0,0.20675420123672325,8,73.0,0.26021051829818265,2,26.0,0.6295185856255172,6,33.0,0.3348971251549172,2,26.0,0.5281058510844349,4,40.0,0.3489888608414216,8,71.0,0.4885230051358681,4,22.0,0.6472394774285222,0,24.0,0.687458749991596,12,82.0,0.3274410846145236,7,30.0,0.5316469840929623,0,10.0,0.8518531477335615,2,37.0,0.49370991932691305,5,19.0,0.04977685553866201,72,558.0
285.0,300,0,74,460,760,0,440.0,1.4666666666666666,6.846745104902933,0,3.0,0.7280603686677934,7,45.0,0.3343585113885613,4,42.0,0.19380226566947062,11,85.0,0.21386887002391577,4,26.0,0.6188190097294352,10,74.0,0.35084992716364094,6,29.0,0.5385723601352858,6,60.0,0.44768564245379205,5,70.0,0.2614498279460704,2,24.0,0.48018323017611325,2,9.0,0.7362887315696321,12,139.0,0.3257830031198683,3,39.0,0.44129475258907663,0,2.0,0.8690020606068108,1,19.0,0.5652204566280904,1,30.0,0.22750633244127996,74,696.0
290.0,307,0,71,469,776,0,553.0,1.8013029315960911,6.442370266670297,1,2.0,0.6166647259658143,7,76.0,0.5062985806794552,3,36.0,0.6506573670887091,11,140.0,0.30238102134602385,1,18.0,0.4402112231486757,4,83.0,0.18341146157861707,2,35.0,0.2942515277077056,6,62.0,0.32914052097770063,7,51.0,0.2923976411307038,3,11.0,0.3765478562016628,1,9.0,0.49469281650658936,12,199.0,0.2967214917461044,7,39.0,0.395655882641842,1,4.0,0.5987396908233382,5,36.0,0.5495503675590714,0,8.0,0.8726430434420053,71,809.0
295.0,306,0,87,486,792,0,714.0,2.3333333333333335,5.929775586901101,1,7.0,0.6435052392408832,2,69.0,0.5356989940152499,3,42.0,0.7065227285442728,11,195.0,0.2700686494487596,6,25.0,0.41177071664282355,5,59.0,0.4186538812491633,6,33.0,0.3636713825823977,7,53.0,0.2808683912530764,5,67.0,0.32798604642378437,4,31.0,0.4658369265526482,5,27.0,0.39640458868067274,17,277.0,0.22218289868778632,8,58.0,0.2786036504668879,6,26.0,0.06123563445614197,1,33.0,0.3626511868025642,0,4.0,0.877267511388519,87,1006.0
300.0,302,0,88,498,800,0,779.0,2.5794701986754967,5.816399467539191,2,12.0,0.6356596005790233,3,27.0,0.3886116620862347,6,58.0,0.26344325921719597,16,262.0,0.16526941812031098,4,40.0,0.4928859141666997,5,46.0,0.48539348356116196,2,39.0,0.5949133083954811,8,76.0,0.32253285111806806,7,65.0,0.4800651827927977,1,22.0,0.48406585959518506,1,28.0,0.5609645267192344,16,301.0,0.21937120295527635,5,57.0,0.1983631666815948,8,69.0,0.35500678951901443,2,15.0,0.45198173392836577,2,10.0,0.34051847510343125,88,1127.0
305.0,307,0,68,509,816,0,562.0,1.8306188925081432,6.15043968947956,0,5.0,0.6164849725241873,3,30.0,0.3653925472176705,9,98.0,0.06970729945979327,13,290.0,0.19879663606190048,4,38.0,0.6175244691226283,1,36.0,0.16955911793448553,2,11.0,0.4362694158285157,11,124.0,0.25389947619556125,3,62.0,0.502832899887235,4,22.0,0.6370579194668529,2,12.0,0.6394698532029105,8,257.0,0.16985270067274805,2,68.0,0.19736181592870186,2,73.0,0.6334664108732719,4,28.0,0.6085315759930221,0,7.0,0.5209295142111064,68,1161.0
310.0,309,0,69,523,832,0,500.0,1.6181229773462784,6.423721713986273,1,4.0,0.7054380421984833,6,51.0,0.5658588606066599,10,152.0,0.47380789072659923,7,230.0,0.29333030664197995,3,38.0,0.435820930921065,6,27.0,0.1273091768332016,2,10.0,0.07724809955351432,14,192.0,0.0777775572940981,4,34.0,0.4332707824195575,1,21.0,0.34105582271742896,2,14.0,0.4875949291555625,5,146.0,0.3442330680835022,7,88.0,0.28950048900851627,1,22.0,0.5430916829120521,0,20.0,0.6829433874691235,0,8.0,0.7621258158175991,69,1057.0
315.0,304,0,63,536,840,0,578.0,1.9013157894736843,6.421451178041077,1,4.0,0.5836002833060512,0,38.0,0.6062487608670205,10,202.0,0.407446139191762,2,107.0,0.46325819391275663,8,43.0,0.2957310437581578,0,27.0,0.5992172919784036,1,11.0,0.383159171873497,14,264.0,0.24551757987394743,6,37.0,0.2294155138299533,4,20.0,0.39443647063320203,4,27.0,0.3248470810344463,2,156.0,0.4085337293690546,8,106.0,0.348317317197922,2,27.0,0.19048800830055876,0,4.0,0.5446538000746538,1,6.0,0.7608451880911322,63,1079.0
320.0,303,0,62,553,856,0,417.0,1.3762376237623761,6.816454928708425,1,8.0,0.6179725207157074,2,11.0,0.4754487646314035,9,182.0,0.16546791962919957,1,65.0,0.5339340309422317,8,69.0,0.2435385592043886,0,4.0,0.8915785524814086,1,21.0,0.6485916993643774,9,264.0,0.27376197380468653,8,61.0,0.4981478620043312,2,21.0,0.509883694844515,3,31.0,0.5309221957252489,7,155.0,0.3466651751376091,3,78.0,0.3990900059725966,7,50.0,0.3574800769969718,0,7.0,0.47835778196359874,1,11.0,0.7919699706336173,62,1038.0
325.0,306,0,56,566,872,0,302.0,0.9869281045751634,6.869196266618399,1,7.0,0.633470641922117,3,14.0,0.36275039263820535,4,122.0,0.2436822452330777,1,47.0,0.33093624319799203,4,61.0,0.5482012210306488,0,4.0,0.6515235876980935,1,26.0,0.8086992776202278,3,186.0,0.17680133790354632,10,103.0,0.4413037354421016,3,21.0,0.5891543792407314,4,23.0,0.5988127917868438,14,212.0,0.14251923887582654,3,73.0,0.39612003544124635,2,45.0,0.6204776047879698,1,9.0,0.6730599915888622,2,4.0,0.32991703852883314,56,957.0
330.0,301,0,68,579,880,0,345.0,1.1461794019933556,6.735688526050548,2,13.0,0.7666547340805803,5,35.0,0.5678701349435562,5,62.0,0.634322465383738,6,65.0,0.35381391692797715,4,65.0,0.43873562306160857,5,21.0,0.3445486196706555,2,10.0,0.6011614274663556,0,85.0,0.4903279155137934,8,107.0,0.2965440384534102,6,46.0,0.286411356445163,3,22.0,0.27744248357183066,13,233.0,0.2270472734971654,7,89.0,0.2856778694405544,0,18.0,0.6375067693037242,0,6.0,0.7351479847670115,2,18.0,0.37048593163589844,68,895.0
335.0,302,0,63,594,896,0,234.0,0.7748344370860927,6.7264873104811524,0,1.0,0.6335609881271126,1,33.0,0.5845311240166836,3,59.0,0.5289521778292579,3,70.0,0.5620539585751629,8,77.0,0.2708614327167482,2,33.0,0.4246641122704944,6,28.0,0.44769218136880057,0,18.0,0.7871541099314909,7,85.0,0.2959333013589521,6,58.0,0.2917445627157216,7,42.0,0.3110083873968256,4,158.0,0.3334424045029578,7,92.0,0.27645020068724213,6,25.0,0.4003135589406909,1,6.0,0.570326511457722,2,11.0,0.7282515898523296,63,796.0
340.0,308,0,50,604,912,0,267.0,0.8668831168831169,7.404594901505918,3,12.0,0.5922565178539103,3,13.0,0.4516734076580719,7,54.0,0.16359356946190148,1,31.0,0.59864501317795,6,89.0,0.34819826165544177,3,29.0,0.6749284849287681,0,26.0,0.45212983422757846,2,12.0,0.49311943178226386,7,70.0,0.5126824012746798,2,33.0,0.5142313133493024,8,84.0,0.5191297609181351,1,162.0,0.42457694613558244,2,49.0,0.5182013296320839,3,33.0,0.4037216791832754,0,2.0,0.5507551516354833,2,21.0,0.7657015910596843,50,720.0
345.0,303,0,58,617,920,0,311.0,1.0264026402640265,7.2651103281030975,0,10.0,0.6011097866830966,1,16.0,0.38322113080642,7,60.0,0.052765234811306176,7,34.0,0.4050947008865613,2,46.0,0.6186387345225887,3,35.0,0.6089110873517509,5,24.0,0.5505641485659187,1,13.0,0.48732646610667546,7,102.0,0.4894342559665894,2,25.0,0.3314298601457788,2,76.0,0.4960921252249688,8,190.0,0.2956426697793856,0,24.0,0.6676970935690748,6,38.0,0.5626325790418079,3,9.0,0.46483723901739105,4,32.0,0.305801056516992,58,734.0
350.0,303,0,74,633,936,0,399.0,1.316831683168317,7.041872876581866,2,6.0,0.6565463575426573,5,30.0,0.585590091089856,4,45.0,0.22188300922092302,8,50.0,0.204077500482953,4,27.0,0.564478924259858,1,21.0,0.5491112837063081,1,29.0,0.5632136160776366,1,16.0,0.7135037898214993,4,92.0,0.27874487596393704,5,51.0,0.4486859698096796,1,30.0,0.426107623086526,13,249.0,0.28685497358030154,6,28.0,0.4829349564950457,6,59.0,0.6404699617455238,4,25.0,0.6156494044366232,9,68.0,0.0005901565430536976,74,826.0
355.0,301,0,74,651,952,0,525.0,1.744186046511628,6.700989574325192,0,4.0,0.6382508341082114,1,27.0,0.6273318206618201,4,42.0,0.0,6,51.0,0.22342776121919686,3,26.0,0.36854950455911417,3,18.0,0.5399332435461364,6,28.0,0.4697526706880323,0,6.0,0.6014666185147577,2,42.0,0.4233411723210618,5,76.0,0.6353785219973812,3,18.0,0.5242587314422131,18,332.0,0.08410666494961672,11,69.0,0.2776959744876735,3,56.0,0.5889786013792587,0,20.0,0.716710887920439,9,117.0,0.07376168643941368,74,932.0
360.0,295,0,93,665,960,0,790.0,2.6779661016949152,6.700512848659094,2,8.0,0.6866465931291926,3,14.0,0.5014696676808127,4,62.0,0.0,8,66.0,0.3551194183636151,5,29.0,0.46384301357479507,3,33.0,0.6151020339744764,11,76.0,0.3535585585478699,0,4.0,0.9443437799174808,2,44.0,0.4765251326329742,0,55.0,0.644823652826523,5,40.0,0.535427731652516,17,351.0,0.02891296110174483,16,147.0,0.1959536144980658,6,31.0,0.40071136834382226,2,8.0,0.6065283638157016,9,166.0,0.33968973798784646,93,1134.0
365.0,292,0,75,684,976,0,607.0,2.078767123287671,6.068912763807002,1,5.0,0.6412867257280438,2,12.0,0.353303385048302,0,40.0,0.32776169346188094,8,108.0,0.43222403443477314,2,27.0,0.35535734828518023,0,15.0,0.7353283798919189,7,100.0,0.1463691653789084,0,2.0,0.6918731879975053,8,73.0,0.46737741316597237,2,8.0,0.5828511623250067,1,31.0,0.5375176144429591,8,291.0,0.19172061349458572,17,232.0,0.22050533062191868,9,54.0,0.22447927413181426,7,34.0,0.39029088401914575,3,142.0,0.5353219713831618,75,1174.0
370.0,295,0,59,697,992,0,375.0,1.271186440677966,6.5753550769637314,3,14.0,0.6031835969388811,5,28.0,0.6116920530877143,0,6.0,0.781464713154112,2,95.0,0.360593492818055,4,26.0,0.40859704758952786,1,5.0,0.621263720473951,6,83.0,0.4311876737880019,0,4.0,0.8667792888941392,7,77.0,0.2574865037495091,2,9.0,0.37794849257301977,1,6.0,0.5706867188359808,0,164.0,0.5280828689770539,13,260.0,0.08265876849684381,8,68.0,0.1699549782752841,7,50.0,0.22910563924028288,0,47.0,0.5552988366974011,59,942.0
375.0,289,0,42,711,1000,0,196.0,0.6782006920415224,7.135570581110955,1,10.0,0.5296194694236127,1,29.0,0.6225791117814049,0,8.0,0.8538050845397543,6,54.0,0.3293099069769372,0,23.0,0.639331981413546,1,5.0,0.17672527640259922,2,78.0,0.38164490208482577,1,6.0,0.7354296673543989,2,60.0,0.3609941533610326,4,26.0,0.6292848233847056,5,23.0,0.385475652584039,2,164.0,0.48655209778195496,7,226.0,0.15690022345445861,7,86.0,0.3844074268071834,3,45.0,0.3559532574219606,0,4.0,0.4883700703769666,42,847.0
380.0,290,0,51,726,1016,0,218.0,0.7517241379310344,7.04844804890873,3,11.0,0.6256902129145284,3,14.0,0.5325100498349444,0,4.0,0.8609832528725079,3,48.0,0.31028030237135873,0,4.0,0.8492905274086363,3,21.0,0.5438171318403123,7,79.0,0.1257344491455056,3,15.0,0.47702846476432126,5,39.0,0.5761554501055298,4,46.0,0.6805813275581131,1,26.0,0.5657848629280833,7,186.0,0.3297410608253227,2,198.0,0.3690992242397482,5,86.0,0.384653112163456,2,43.0,0.36764265844785105,3,13.0,0.13339185220573008,51,833.0
385.0,294,0,68,738,1032,0,372.0,1.2653061224489797,6.702559655425479,0,5.0,0.6656790919976199,1,8.0,0.43711453232306813,1,5.0,0.5148102855394234,5,50.0,0.6326405721324612,3,9.0,0.5606119043582111,0,15.0,0.818101899930032,5,82.0,0.12223475498232977,3,36.0,0.5603989427700128,1,30.0,0.5237929257052308,6,70.0,0.3984863514422043,3,20.0,0.6505117100110424,12,243.0,0.09270106093562816,6,223.0,0.36013584116957004,9,73.0,0.27588979291913746,7,63.0,0.5260657501994032,6,34.0,0.39439075986917443,68,966.0
390.0,288,0,77,752,1040,0,428.0,1.4861111111111112,6.448658646998535,3,8.0,0.6014891017765257,3,16.0,0.6838296422547864,7,32.0,0.08813028615522792,6,75.0,0.5959380533169407,4,32.0,0.344245317403315,0,4.0,0.8321879973621794,0,31.0,0.6216167254627419,3,51.0,0.6522881522344228,7,31.0,0.2836921998484567,6,69.0,0.2740875620856357,1,17.0,0.46628591706735933,13,256.0,0.25541069455890364,6,207.0,0.41580598457906687,12,114.0,0.28081078591753783,3,65.0,0.49290239624799786,3,49.0,0.3808857495705315,77,1057.0
395.0,296,0,57,760,1056,0,376.0,1.2702702702702702,6.185997664177781,0,5.0,0.5512605750984906,1,9.0,0.6905039390064601,2,43.0,0.5825677321556059,5,66.0,0.39814718812707023,1,29.0,0.5811678175140674,2,10.0,0.19326786534323698,0,8.0,0.8175091914108339,6,69.0,0.4926854857982141,5,50.0,0.27108136139886096,0,37.0,0.4396680090295255,6,30.0,0.3399187473876943,5,170.0,0.33438597310224777,3,136.0,0.2670518505493873,13,176.0,0.11998908934385716,2,27.0,0.41121812213178593,6,46.0,0.4981859533204012,57,911.0
400.0,307,0,50,765,1072,0,300.0,0.9771986970684039,7.226854420512505,3,8.0,0.6414521455289042,3,12.0,0.5649048806767677,0,17.0,0.8379901415548254,7,50.0,0.2713918799001357,0,6.0,0.7565901170856697,0,9.0,0.5831984266961101,0,4.0,0.9005057145320514,3,53.0,0.5049966775618862,3,40.0,0.5455422893754135,1,29.0,0.5884592054840017,2,36.0,0.5635424315397465,0,77.0,0.5190959775547743,9,75.0,0.18494128235918408,8,186.0,0.10337029608388429,5,36.0,0.30434995137730875,6,76.0,0.5303488480041583,50,714.0
405.0,310,0,57,770,1080,0,253.0,0.8161290322580645,7.117879177862089,1,6.0,0.637457720458667,2,12.0,0.36840626421360445,2,6.0,0.6482136106888204,9,79.0,0.09797742797343482,2,8.0,0.5848035112235545,0,8.0,0.7933460638820565,0,4.0,0.7166220893535842,5,29.0,0.3744713238590678,2,39.0,0.46151986565806086,7,53.0,0.47649329871776946,3,22.0,0.6162803100416276,1,40.0,0.5907756534335771,9,94.0,0.3252744962055479,1,118.0,0.5269208701010135,8,71.0,0.46086024800589853,5,77.0,0.48582686394008423,57,666.0
410.0,316,0,61,780,1096,0,293.0,0.9272151898734177,6.543289476832505,3,11.0,0.6899906846310457,3,22.0,0.662507206342718,3,17.0,0.3258284216655662,10,106.0,0.1569815055339364,0,5.0,0.4879131980909728,0,4.0,0.8145361761745564,4,15.0,0.6406403454058829,11,60.0,0.26391379366449547,7,54.0,0.3052730541211404,5,62.0,0.24527635618442645,1,12.0,0.36357860991688806,5,30.0,0.4494743308302136,4,96.0,0.3651225981673376,1,26.0,0.6564484972919825,3,66.0,0.438581721996283,1,33.0,0.43278390372064907,61,619.0
415.0,318,0,60,794,1112,0,250.0,0.7861635220125787,6.763637101376272,1,7.0,0.676284532332786,1,16.0,0.7213840214979541,8,35.0,0.21270497369484812,7,110.0,0.3451396858614606,2,13.0,0.6559147034905897,0,4.0,0.8678756229676099,2,14.0,0.5284944188584051,10,98.0,0.3460677983697557,5,70.0,0.3157033705369077,3,39.0,0.4055556249625874,5,26.0,0.409390350909697,2,39.0,0.6091309263036242,5,42.0,0.4770924828554044,2,22.0,0.5705299394603044,4,38.0,0.3322729189441565,3,27.0,0.21155765148807767,60,600.0
420.0,314,0,57,806,1120,0,198.0,0.6305732484076433,6.668344120020239,3,14.0,0.5860835961659372,3,13.0,0.5435687237163266,11,74.0,0.29488474212910515,7,98.0,0.27683540466201856,0,8.0,0.7422215015581654,0,4.0,0.565539508308338,7,33.0,0.45971962242094083,1,76.0,0.45467501466753724,2,44.0,0.5818101620953918,1,33.0,0.48715818704698605,2,32.0,0.5903292507008423,4,27.0,0.44606461622057264,4,49.0,0.3704650225402295,0,14.0,0.6639010042961105,3,41.0,0.3042582168711892,9,58.0,0.15346033341176693,57,618.0
425.0,315,0,61,821,1136,0,279.0,0.8857142857142857,6.668209865127152,0,9.0,0.6152317618681697,1,10.0,0.48463616473146864,6,88.0,0.44494256003639177,7,114.0,0.3161449723160315,0,4.0,0.6095069109583826,2,16.0,0.6059823958701694,8,73.0,0.48035340821443107,5,56.0,0.44960771674457584,2,33.0,0.5192144712854757,6,47.0,0.48278246276355996,2,19.0,0.6206878590338116,4,34.0,0.170332331198186,1,35.0,0.505842143985219,2,11.0,0.5029580862325125,8,58.0,0.43858466104466626,7,76.0,0.26111877311618803,61,683.0
430.0,315,0,70,837,1152,0,388.0,1.2317460317460318,6.684017992628645,1,4.0,0.6994539348714902,2,16.0,0.7701695740127626,10,100.0,0.3306355512360872,10,116.0,0.2975013541041515,1,7.0,0.46782704786572094,0,8.0,0.920821811285856,8,117.0,0.4352345296778533,4,67.0,0.4570300008503297,7,57.0,0.2765124733114969,5,55.0,0.30325989341672316,3,13.0,0.45748872394179757,8,51.0,0.4053095534358235,1,10.0,0.5830087855140247,1,15.0,0.5875158532466666,3,57.0,0.4675785055255358,6,74.0,0.4764248242047134,70,767.0
435.0,314,0,65,846,1160,0,337.0,1.0732484076433122,6.43839594298912,1,5.0,0.6548857056537208,0,4.0,0.8243002339105683,9,119.0,0.1480397730669259,11,147.0,0.25034226954116545,3,14.0,0.6210523392154619,0,4.0,0.8947863232494874,5,118.0,0.36766780115403613,8,69.0,0.44366499613637067,6,70.0,0.2913005878448848,2,38.0,0.36371963552889675,7,35.0,0.35632978058726245,3,56.0,0.58269554735949,5,30.0,0.451827765044884,1,9.0,0.5704877531526036,2,31.0,0.34910809970960244,2,52.0,0.21993118685708637,65,801.0
440.0,322,0,47,854,1176,0,222.0,0.6894409937888198,6.93843392759409,2,12.0,0.7086462378887102,2,6.0,0.6622651658230062,8,96.0,0.19791747698338283,6,145.0,0.33689432378605405,0,12.0,0.7271912687681144,0,4.0,0.6929734186384735,1,64.0,0.4126578750752091,9,88.0,0.24729373424187356,1,37.0,0.6444710778941789,3,28.0,0.6120954093394302,2,38.0,0.6176694095093165,3,34.0,0.4552621968116888,3,34.0,0.38786299015629633,2,16.0,0.4205622052328842,3,25.0,0.489839378897645,2,56.0,0.24112338066342484,47,695.0
445.0,325,0,51,867,1192,0,192.0,0.5907692307692308,7.207811346068939,2,7.0,0.6100990786915994,0,5.0,0.5051067770878384,4,99.0,0.4354755974713381,3,85.0,0.5303927308068462,2,7.0,0.6222016170488003,1,8.0,0.7582125509109979,2,51.0,0.2774217069457822,8,82.0,0.18930254642974498,3,31.0,0.5779397148346818,0,18.0,0.6326652640437597,2,16.0,0.6778817928697846,9,48.0,0.2887360558043344,0,11.0,0.6777395690377195,6,32.0,0.2568748535522165,2,20.0,0.5334787619210818,7,75.0,0.20159903093954754,51,595.0
450.0,312,0,65,888,1200,0,283.0,0.907051282051282,6.697038480901113,2,14.0,0.6657436171522687,1,8.0,0.8236115236919717,5,87.0,0.49459579645760315,2,79.0,0.3912407710740222,1,7.0,0.3513233432746114,0,8.0,0.6073628600105875,7,81.0,0.29150080587778826,12,107.0,0.34786702339579906,7,56.0,0.279097965006917,3,19.0,0.40305386742905097,1,7.0,0.4159399025613532,4,62.0,0.3814826861283896,4,21.0,0.5964909796496747,4,36.0,0.447999230524575,4,28.0,0.5759146961352082,8,97.0,0.2798724477309021,65,717.0
455.0,312,0,76,904,1216,0,393.0,1.2596153846153846,6.614931807187097,1,6.0,0.6452142388167478,0,4.0,0.8292576653120148,4,72.0,0.12838494964792252,8,106.0,0.2331588031080041,3,13.0,0.44520742832488486,3,17.0,0.6603057332968613,14,141.0,0.31733125369070087,8,128.0,0.3401719677505154,12,108.0,0.24196241209761984,3,26.0,0.3712109221890456,5,24.0,0.3845696851437932,3,39.0,0.6512671108558523,6,49.0,0.5085155855494846,2,25.0,0.7579626903300285,3,30.0,0.29323528084460465,1,70.0,0.572119932754115,76,858.0
460.0,318,0,61,914,1232,0,334.0,1.050314465408805,6.652828612990929,2,10.0,0.6585395977370727,1,4.0,0.6542627726975365,7,68.0,0.19985844111637024,9,109.0,0.28905916629960765,1,9.0,0.5680351850499753,0,12.0,0.6498060234725813,12,159.0,0.26573528190563017,6,98.0,0.2540104916314886,7,124.0,0.41186417905325934,1,17.0,0.53027282766659,0,26.0,0.6612436976083791,3,30.0,0.6595153313534013,3,47.0,0.2260353887673813,5,33.0,0.45785020571006263,4,24.0,0.41396959019462365,0,56.0,0.46212971746366427,61,826.0
465.0,313,0,49,927,1240,0,177.0,0.5654952076677316,6.484283083056498,1,7.0,0.6200442574155436,4,22.0,0.3887108531122089,5,77.0,0.4539854618171959,2,65.0,0.42039364787348754,4,22.0,0.5801096799422883,1,8.0,0.7199667285944827,4,139.0,0.30407412794542205,9,117.0,0.14001405785230564,2,78.0,0.5320602316916061,2,12.0,0.6166018941461131,2,10.0,0.666629715868046,1,14.0,0.17573443072943343,2,26.0,0.2953132620202582,3,28.0,0.23392299270889308,1,18.0,0.5469844663901304,6,79.0,0.21783593247886496,49,722.0
470.0,316,0,55,940,1256,0,225.0,0.7120253164556962,7.192553404586134,3,8.0,0.65255895808958,0,17.0,0.6486510916849566,7,68.0,0.42459069233603935,2,36.0,0.5979891112351863,2,23.0,0.3679986535540645,1,8.0,0.6566104545377067,3,83.0,0.4031998900485462,7,115.0,0.13975225732442312,3,31.0,0.4712287098405588,2,20.0,0.7864428204656888,2,12.0,0.425687380348085,4,27.0,0.30947853979447926,3,18.0,0.43370396995519517,5,23.0,0.39481182224672245,3,19.0,0.6640042139218398,8,91.0,0.2483273398816332,55,599.0
475.0,309,0,60,963,1272,0,305.0,0.9870550161812298,7.087543520382543,1,5.0,0.6330860354012363,0,4.0,0.8692869007541724,11,94.0,0.15867022968971745,2,37.0,0.7668382330499316,0,6.0,0.45813441429217605,3,20.0,0.6576797231080563,3,94.0,0.46541214077658,8,119.0,0.11524237988769861,2,25.0,0.3207890969379196,0,4.0,0.5412650525091303,6,33.0,0.37323628264564257,3,30.0,0.5664376914072546,7,48.0,0.41068459688345776,8,53.0,0.4262837892113987,2,16.0,0.39505718788462973,4,69.0,0.38276108965684974,60,657.0
480.0,300,0,73,980,1280,0,477.0,1.59,6.630103306302353,3,13.0,0.6855366372343796,2,5.0,0.5185950202824465,13,160.0,0.1120602905681699,0,4.0,0.5138891292711244,4,16.0,0.5066639610115504,1,15.0,0.5375838860400127,8,106.0,0.3926819969812157,4,83.0,0.45668068568451076,9,49.0,0.3497954315770403,3,10.0,0.4009539715545387,7,70.0,0.544985917018666,4,35.0,0.6617226790006634,1,48.0,0.4818120291444315,8,90.0,0.17202510702717635,3,14.0,0.3840276254127797,3,77.0,0.3256646649086098,73,795.0
485.0,300,0,80,996,1296,0,534.0,1.78,6.140974957221601,0,7.0,0.564934716385906,4,24.0,0.471949463004797,8,176.0,0.46016180781832605,1,9.0,0.5210638182488504,6,46.0,0.5486478455934743,3,18.0,0.616470439884897,9,115.0,0.1311092917004551,4,68.0,0.6376226646213816,6,62.0,0.44593497673465887,1,10.0,0.32522229870950004,3,63.0,0.5106840639999207,7,57.0,0.2996290432189374,5,27.0,0.46118952686013215,10,138.0,0.04076298649587471,3,17.0,0.37752386056105647,10,115.0,0.24788173709061959,80,952.0
490.0,301,0,70,1011,1312,0,434.0,1.441860465116279,6.435281307067739,3,10.0,0.6464900019654441,0,18.0,0.6641277812462302,1,115.0,0.4520442860584273,1,14.0,0.6635395445956396,2,47.0,0.3111467862433327,3,37.0,0.5669466977924947,11,95.0,0.09639035141971884,6,85.0,0.5085296916591113,4,47.0,0.40895945260787586,6,24.0,0.5727449988319568,3,27.0,0.43230320448497483,10,105.0,0.042358041861505,2,35.0,0.22195587988864368,4,138.0,0.37776655089902056,3,24.0,0.7038575832602465,11,138.0,0.30070352725393995,70,959.0
495.0,296,0,34,1024,1320,0,124.0,0.4189189189189189,6.979124345896055,1,8.0,0.6167272698842473,0,4.0,0.8366193592689353,1,78.0,0.35186476497125524,1,5.0,0.61316965909782,2,19.0,0.47461117275906156,0,19.0,0.5154417796739801,3,101.0,0.24178514555509126,5,73.0,0.37038956060952516,2,37.0,0.29196835165745616,0,28.0,0.58970486604782,2,25.0,0.2928221128153649,5,108.0,0.36311940758536204,6,42.0,0.1835513197001646,0,63.0,0.7806144100002926,0,13.0,0.8509974676584194,6,119.0,0.37042602418928366,34,742.0
500.0,299,0,47,1037,1336,0,171.0,0.5719063545150501,7.685385103718405,1,6.0,0.6004579158089892,1,3.0,0.5696454283818656,6,100.0,0.10211099224062203,5,19.0,0.4930846923695647,4,23.0,0.6183992570903983,0,4.0,0.8077010929426407,6,98.0,0.3913167355691076,6,41.0,0.3524910468164188,6,39.0,0.41973429016089464,2,8.0,0.5058482451011412,5,40.0,0.5393972651031134,0,50.0,0.7407118610384643,0,32.0,0.6822436505228382,0,22.0,0.6809496296713912,1,2.0,0.6010917882201443,4,85.0,0.3010010741456161,47,572.0
505.0,303,0,44,1049,1352,0,123.0,0.40594059405940597,7.147264520267039,2,9.0,0.569446356519874,3,18.0,0.5303696347084881,5,96.0,0.3590524502225726,2,25.0,0.5247667527796042,1,18.0,0.6272824057455295,2,8.0,0.5457359836367538,6,98.0,0.2779872839740814,7,54.0,0.3571421818688817,4,42.0,0.5350356940381028,2,13.0,0.3810508498974042,2,34.0,0.5445829120736014,1,6.0,0.575293728671375,0,8.0,0.8646847353388905,3,38.0,0.3303222486860085,2,4.0,0.4512498304641112,2,94.0,0.26932977168377364,44,565.0
510.0,289,0,57,1071,1360,0,245.0,0.8477508650519031,7.170704638774544,4,21.0,0.5520881091517097,0,12.0,0.5774985712963577,0,31.0,0.6606879445028233,2,16.0,0.7277221154063029,3,14.0,0.43663944133856164,3,23.0,0.6393412874096464,5,82.0,0.18462905675193486,4,55.0,0.4203778024809612,4,25.0,0.4989733928850882,6,33.0,0.538940387992021,4,22.0,0.42167647215654397,1,12.0,0.2890036482719626,3,10.0,0.467900487775187,7,66.0,0.44285395886778905,3,22.0,0.66829378206838,8,112.0,0.2913953394377626,57,556.0
515.0,292,0,50,1084,1376,0,227.0,0.7773972602739726,7.219897519807403,1,18.0,0.48756013332618753,0,3.0,0.8208231188979482,1,15.0,0.5274356273731375,2,24.0,0.7319797847018022,2,17.0,0.39642229883221064,0,14.0,0.6091723310571147,3,88.0,0.20507414477432084,9,71.0,0.42681492542978167,3,32.0,0.3047569576690153,1,32.0,0.5594438035917036,3,28.0,0.28808101347195586,4,24.0,0.4406787804588266,7,40.0,0.3071851513303773,2,51.0,0.6535690647113854,3,37.0,0.7100325592627371,9,125.0,0.4486824207043488,50,619.0
520.0,294,0,58,1098,1392,0,305.0,1.0374149659863945,7.285113902685993,3,14.0,0.6189771708074467,1,5.0,0.6898946373759446,6,27.0,0.3102111140070838,4,37.0,0.4675928735522418,2,12.0,0.5790373939563451,2,13.0,0.6642444672326651,9,115.0,0.27259910702209705,5,79.0,0.4540279705186849,8,45.0,0.40038370015421965,2,11.0,0.45250362437599073,5,38.0,0.569572886895147,0,29.0,0.7140043746203484,2,43.0,0.4803685581130862,2,19.0,0.4998748710726438,5,56.0,0.3989456510651393,2,87.0,0.3876515494947283,58,630.0
525.0,291,0,63,1109,1400,0,315.0,1.0824742268041236,6.684238838231065,1,9.0,0.6292965425422495,3,20.0,0.43064254126000223,2,28.0,0.4793209112662527,11,76.0,0.1906285207324831,1,6.0,0.48456342390870405,2,25.0,0.6530168821886125,15,179.0,0.36214370757216796,6,61.0,0.3240530760600111,3,51.0,0.5052956106846291,3,11.0,0.3331589887661413,1,31.0,0.6460100891034938,2,10.0,0.6153271823049005,1,20.0,0.7983195235324997,6,33.0,0.302048156107598,3,50.0,0.34159254739059336,3,83.0,0.23417322415372696,63,693.0
530.0,293,0,69,1123,1416,0,393.0,1.341296928327645,6.7498710710001895,2,8.0,0.6211976408128481,0,16.0,0.6315549050905895,2,20.0,0.764911943222898,10,86.0,0.06389331057250701,1,9.0,0.7918603036737871,0,8.0,0.6452656877105816,16,256.0,0.38461640787030665,5,56.0,0.2931775045695433,4,34.0,0.4432562512901783,5,35.0,0.598035858082996,2,11.0,0.47197805348516686,6,27.0,0.32466611393059297,2,8.0,0.6257774220884244,3,41.0,0.37767067004773325,3,25.0,0.6106940359455305,8,98.0,0.150848875217958,69,738.0
535.0,297,0,54,1135,1432,0,306.0,1.0303030303030303,7.0582083190888705,0,5.0,0.6475034309854704,0,4.0,0.8420218422618744,2,26.0,0.7153929339274933,4,86.0,0.3600170608486736,0,4.0,0.8571878428316182,0,6.0,0.7911890985265514,12,272.0,0.267879007881307,7,59.0,0.3503861691808231,2,32.0,0.35086042244412613,1,32.0,0.6066400571800462,0,4.0,0.3621992275201142,1,32.0,0.44154521797866014,6,31.0,0.48924187777404593,6,39.0,0.5639665525990055,4,32.0,0.5591578801015192,9,114.0,0.11483389813332247,54,778.0
540.0,296,0,58,1144,1440,0,261.0,0.8817567567567568,7.227173853293874,2,7.0,0.6711600644005891,2,5.0,0.6528163081497486,1,5.0,0.2670732301578862,0,46.0,0.5979057974591514,2,7.0,0.640661244432018,1,5.0,0.7587121786060904,13,226.0,0.18000713343411318,4,55.0,0.09614781760163488,6,38.0,0.43558883709472035,2,12.0,0.523268192867333,5,23.0,0.5451286795977005,2,19.0,0.6838639172091144,7,66.0,0.47394942459618733,2,44.0,0.4164893205528576,6,50.0,0.28639790794797404,3,74.0,0.5665052150117376,58,682.0
545.0,299,0,54,1157,1456,0,285.0,0.9531772575250836,7.596205169851372,0,2.0,0.7309856470083097,3,24.0,0.40674139563174416,1,10.0,0.3659617655766,2,46.0,0.5029888626927125,4,24.0,0.42136673333343866,1,9.0,0.8001139453907136,8,156.0,0.36729395364398026,5,50.0,0.2335817597192412,3,38.0,0.572408537697299,2,9.0,0.37559909829941773,0,23.0,0.6313994772986511,2,15.0,0.6345974230880589,7,105.0,0.3750810931656981,7,42.0,0.4745730813221824,6,64.0,0.2916059506672419,3,73.0,0.5118063475968041,54,690.0
550.0,293,0,49,1179,1472,0,235.0,0.8020477815699659,7.57330553025966,2,4.0,0.705426319736788,0,15.0,0.6888891044388645,1,17.0,0.6574537353689996,6,70.0,0.3951452627482929,0,16.0,0.6269043820220989,3,19.0,0.19422509080102918,1,132.0,0.4110271660063303,5,63.0,0.4959233408264846,3,21.0,0.5666557938152947,4,23.0,0.6423720368878769,2,11.0,0.5436614095921183,6,35.0,0.2527340513606192,4,95.0,0.3555265802112657,2,41.0,0.5467189061369755,2,37.0,0.5597748221847741,8,92.0,0.23219944070638163,49,691.0
555.0,275,0,46,1205,1480,0,223.0,0.8109090909090909,7.2251778323739195,0,1.0,0.6841845750593455,0,4.0,0.8624195569993051,1,22.0,0.8332669320759473,6,81.0,0.3226082511094468,0,4.0,0.8246677090276662,1,26.0,0.48869115862668244,4,119.0,0.17183531059648138,0,46.0,0.5188242403375167,2,10.0,0.3983867302004861,0,17.0,0.7567384307646451,4,27.0,0.3874137983297374,8,75.0,0.3621039427929374,0,38.0,0.5924252428896916,6,25.0,0.37686856934592283,4,31.0,0.6347643012312152,10,100.0,0.05112326268288437,46,626.0
560.0,279,0,44,1217,1496,0,203.0,0.7275985663082437,7.251380208295062,1,2.0,0.6881339681060179,1,3.0,0.5687080576993626,0,6.0,0.6994682153823173,1,49.0,0.5195443573544536,2,5.0,0.6740823107344943,0,8.0,0.8489034145171679,8,109.0,0.06718867019855806,1,7.0,0.6184882951335443,6,23.0,0.39716093006469494,1,1.0,0.5875842116689277,1,24.0,0.6215508672966568,8,119.0,0.3244409419501857,2,37.0,0.5182112993981065,7,42.0,0.23036130898133506,2,20.0,0.4213320674243162,3,72.0,0.2887696663232549,44,527.0
565.0,290,0,56,1222,1512,0,246.0,0.8482758620689655,7.378947965504317,1,5.0,0.6376173018781847,3,17.0,0.48614075541520335,4,19.0,0.32502594652297945,2,44.0,0.28518619182525334,4,21.0,0.5434522173483899,2,12.0,0.6156211838907281,5,87.0,0.36706726633199904,3,7.0,0.4113651642490961,3,35.0,0.5657242347325473,3,15.0,0.5304309101306475,1,10.0,0.7865116211312452,6,116.0,0.32601256498302916,7,65.0,0.4249868231055935,6,50.0,0.4008705632275372,6,28.0,0.29763182939044475,0,45.0,0.48101312827285103,56,576.0
570.0,284,0,66,1236,1520,0,332.0,1.1690140845070423,7.320675618080989,3,12.0,0.6075538717365954,0,10.0,0.729593202447562,6,52.0,0.3234128724237198,8,75.0,0.068596903444026,3,19.0,0.26398537488212165,6,33.0,0.387916154163344,5,61.0,0.5098483164549887,4,23.0,0.5662766371187746,3,24.0,0.5453191479328506,1,17.0,0.6226824758196546,2,5.0,0.44819655493657207,0,37.0,0.5500968982262534,4,61.0,0.12000372817908296,5,62.0,0.354371290726739,11,79.0,0.2503388756396251,5,54.0,0.6587022186556271,66,624.0
575.0,275,0,49,1261,1536,0,400.0,1.4545454545454546,7.604200104942204,0,6.0,0.5969828678572571,0,3.0,0.8879083781198289,6,82.0,0.47218507585919345,5,80.0,0.3883585527126832,5,27.0,0.38400164176466034,1,32.0,0.5063019754003201,5,77.0,0.4959007877090905,0,15.0,0.49521247086245107,1,14.0,0.360924413375437,1,12.0,0.834463586655612,4,22.0,0.4510860016510386,2,19.0,0.5564517741391702,0,24.0,0.3795111426253913,8,65.0,0.29443730146647035,11,134.0,0.4458752425508569,0,39.0,0.6228538400663926,49,651.0
580.0,271,0,57,1281,1552,0,373.0,1.3763837638376384,7.534519087655746,2,7.0,0.7039401611507533,0,0.0,0.6654328122877061,9,118.0,0.514921238237468,0,39.0,0.6447886302625333,4,37.0,0.4007549557836707,2,17.0,0.7561864016767605,0,55.0,0.46298866536707745,0,4.0,0.44638364715470075,8,33.0,0.39865432199498646,1,5.0,0.5422926729177379,0,16.0,0.652600403497378,7,40.0,0.4997498503788357,0,4.0,0.825618451103918,12,111.0,0.27958503854107664,7,141.0,0.34958856812485944,5,14.0,0.43469157069791636,57,641.0
585.0,264,0,65,1296,1560,0,505.0,1.9128787878787878,7.510695401090746,1,6.0,0.6101873276341041,1,8.0,0.4764951847878375,10,165.0,0.41524667396826737,2,9.0,0.45379329336378543,6,37.0,0.506390905439652,2,14.0,0.6718648925360948,5,23.0,0.5959900007952095,3,13.0,0.5053924163000333,2,40.0,0.5963079347358562,3,20.0,0.47707297487137607,0,4.0,0.9257649003326877,2,40.0,0.4579499438586525,0,6.0,0.7929888339749082,14,177.0,0.11367883771107133,4,97.0,0.27702125551927653,10,55.0,0.30710269661313816,65,714.0
590.0,268,0,57,1308,1576,0,586.0,2.1865671641791047,7.881450276437022,2,11.0,0.6962204940148312,0,5.0,0.7997975708853914,10,215.0,0.4314330364616586,0,8.0,0.410213024413264,0,33.0,0.6746097167356077,5,31.0,0.5442386402267314,5,44.0,0.5728079534967754,4,35.0,0.6417035071026943,2,18.0,0.4774811750924311,0,15.0,0.6514857524062989,0,0.0,0.7553527930282822,5,37.0,0.4914787991768111,0,4.0,0.9094960375762293,9,192.0,0.07565604261971608,5,42.0,0.4525565091224751,10,105.0,0.20686575945766167,57,795.0
595.0,268,0,35,1324,1592,0,311.0,1.1604477611940298,7.646381185734217,0,3.0,0.7067200591567917,0,3.0,0.9335102729270802,5,190.0,0.34891484432251263,0,4.0,0.3820006999774287,1,5.0,0.5851539583796073,6,63.0,0.5958398670179721,1,35.0,0.38009241388804216,0,25.0,0.6564346302342253,2,17.0,0.3588287296127685,0,4.0,0.868026155469293,2,11.0,0.5075893320321369,4,49.0,0.41368217690247955,0,8.0,0.7949370530488703,1,129.0,0.5148537863046521,3,38.0,0.47471494031945327,10,161.0,0.10561883854940678,35,745.0
600.0,266,0,47,1334,1600,0,233.0,0.8759398496240601,7.275726806804199,1,5.0,0.653976036532646,1,1.0,0.7240336215919135,7,101.0,0.3045930967027672,3,11.0,0.413105441618966,2,6.0,0.23568594317007713,1,48.0,0.5161332124546363,0,3.0,0.38144438415942533,5,22.0,0.37971864350264734,7,40.0,0.3890825585756928,2,3.0,0.5352301642254147,0,6.0,0.7041498909051812,7,49.0,0.37064216684823414,0,4.0,0.7182929334105344,1,41.0,0.7734517336755456,6,34.0,0.3811186203037231,4,157.0,0.539456594481099,47,531.0
605.0,274,0,51,1342,1616,0,195.0,0.7116788321167883,7.610178045224297,0,3.0,0.7103679593553512,1,10.0,0.5684652202067486,7,101.0,0.2909248163783538,7,43.0,0.4889883449693008,5,28.0,0.35846628465717617,7,26.0,0.1957171446908151,0,6.0,0.8506645479921493,4,32.0,0.25023754717114044,2,42.0,0.6168940132760201,4,22.0,0.3982895687969217,0,2.0,0.8774843017773487,5,56.0,0.36119087808573663,0,6.0,0.8029861166972746,1,18.0,0.6474396760900906,8,53.0,0.1997376947961126,0,81.0,0.7450643702711188,51,529.0
610.0,272,0,41,1360,1632,0,207.0,0.7610294117647058,8.146754555253885,2,6.0,0.7088900080475767,0,7.0,0.7611679966466413,3,94.0,0.5748970227286082,7,76.0,0.5393735113316538,2,30.0,0.47339852616851663,8,48.0,0.15993695345698306,0,8.0,0.8762466755569266,4,23.0,0.22873248590465456,3,13.0,0.6127574388419139,0,19.0,0.6380170983542076,0,2.0,0.641497837042215,5,45.0,0.4704939217547981,0,4.0,0.8231368644405418,1,23.0,0.6289012565050588,5,53.0,0.39097140489055304,1,40.0,0.34074261204655104,41,491.0
615.0,259,0,44,1381,1640,0,246.0,0.9498069498069498,7.535076297711559,1,4.0,0.5978824314137601,0,4.0,0.9539313436235832,5,93.0,0.46152879853010803,7,111.0,0.29754629499685376,5,28.0,0.5269578748885383,5,52.0,0.5923699986371384,2,13.0,0.6844193143700356,3,23.0,0.09757096747954704,1,10.0,0.24017519440598384,0,4.0,0.8180938765594616,2,10.0,0.43984878752021095,3,44.0,0.45815499170101504,0,8.0,0.829949184228362,1,6.0,0.46957883057964983,3,53.0,0.44457407272102456,6,68.0,0.14003917280534764,44,531.0
620.0,262,0,62,1394,1656,0,418.0,1.5954198473282444,7.226054956680599,3,13.0,0.6692675277996006,0,0.0,0.7656085010302052,4,54.0,0.3107091111571775,11,161.0,0.05968574445635688,4,36.0,0.2928149635923023,5,51.0,0.5918508487875732,0,7.0,0.4416590299065851,3,33.0,0.16928221253994172,7,31.0,0.42452881826664496,1,2.0,0.540312909087165,0,7.0,0.7231246461113855,9,57.0,0.39206079674594946,0,4.0,0.7989438769831431,1,9.0,0.7252504942753704,6,55.0,0.4725943927472148,8,106.0,0.5099290112365831,62,626.0
625.0,268,0,50,1404,1672,0,328.0,1.2238805970149254,7.432415390771944,1,9.0,0.6490039136233386,2,9.0,0.5064439604497173,3,23.0,0.30835699764957003,8,167.0,0.33308688552164767,5,34.0,0.41163510073140713,7,81.0,0.1855958610741913,4,17.0,0.18088215032853808,0,20.0,0.7354315937775738,3,39.0,0.5713973736209437,3,17.0,0.41608355350544346,0,4.0,0.9370909162512903,3,62.0,0.4552090849874233,0,8.0,0.8035781848220049,0,2.0,0.7119515273849298,9,90.0,0.28943683794691466,2,72.0,0.5913783163201014,50,654.0
630.0,259,0,43,1421,1680,0,176.0,0.6795366795366795,7.382652780572625,3,12.0,0.5412743485804506,0,7.0,0.7112764940411226,2,26.0,0.4838909967771787,0,85.0,0.6334482749859482,3,34.0,0.30387728210821796,7,90.0,0.1131379034282343,10,62.0,0.06043573035798145,0,8.0,0.8899377932528386,4,24.0,0.49720073078618526,0,12.0,0.7014981803116419,1,1.0,0.6057344529646156,5,44.0,0.3668278325664145,0,4.0,0.8600106910371902,0,4.0,0.6487632159122135,7,103.0,0.30145625992855374,1,27.0,0.32511033014252644,43,543.0
635.0,255,0,30,1441,1696,0,135.0,0.5294117647058824,7.947928991787219,1,13.0,0.5648603272614278,0,4.0,0.8840069461223703,4,36.0,0.6301997093371059,1,20.0,0.49567344650207285,5,34.0,0.5564987926461151,2,48.0,0.543016511071401,5,84.0,0.5386492622117472,0,2.0,0.8350588452695337,2,19.0,0.3165635724749884,0,2.0,0.8801881965837343,3,15.0,0.4828074826030088,1,38.0,0.4156654897234721,0,6.0,0.8679281709239354,1,1.0,0.5322089290529398,1,52.0,0.5603992519597556,4,43.0,0.19531886769146173,30,417.0
640.0,262,0,39,1450,1712,0,183.0,0.6984732824427481,8.273477267869882,2,12.0,0.6216197324377063,0,0.0,0.6848446024063215,0,26.0,0.416359360312382,6,29.0,0.3266060122823741,1,29.0,0.6744816746185701,2,31.0,0.7710630084388723,0,48.0,0.6791927103113173,2,5.0,0.6040032378533025,6,30.0,0.4205167141591705,0,0.0,0.7310604320365974,0,10.0,0.7113506677914304,7,43.0,0.4459800049691501,0,4.0,0.7349415590935845,1,6.0,0.7729011427074238,3,29.0,0.5073993670119419,9,68.0,0.2735989811567335,39,370.0
645.0,267,0,40,1453,1720,0,195.0,0.7303370786516854,8.010403434116233,1,8.0,0.5515544740702284,2,11.0,0.5875191295832985,2,8.0,0.23900244439882368,3,42.0,0.37981132824501196,3,12.0,0.5771929292808914,2,37.0,0.7197223828941167,2,40.0,0.5626226897136016,6,29.0,0.4874940328049545,2,34.0,0.5618022178073477,2,10.0,0.522456003926737,0,4.0,0.8515900712668157,2,39.0,0.432223079817805,0,8.0,0.766443510569819,0,2.0,0.6921946945313832,5,40.0,0.4172135534805246,8,81.0,0.3800083110615878,40,405.0
650.0,272,0,36,1464,1736,0,178.0,0.6544117647058824,8.052247630406912,2,11.0,0.6747758610893425,0,5.0,0.7839123319275406,2,18.0,0.47158132232685285,4,35.0,0.6392608518776862,2,13.0,0.4257089185728075,0,9.0,0.23106664752747902,8,68.0,0.3842990503966691,6,59.0,0.5405338283386951,5,23.0,0.5174678746474778,0,4.0,0.7530865770482555,0,0.0,0.7289434210603837,6,34.0,0.4534684152262339,0,6.0,0.6690381927264519,0,4.0,0.6804999471507168,0,30.0,0.5052730087514944,1,60.0,0.3464512962651486,36,379.0
655.0,270,0,36,1482,1752,0,127.0,0.4703703703703704,7.924574672335518,0,4.0,0.6854053183318677,0,4.0,0.9114352050879986,3,22.0,0.7205745406701071,1,23.0,0.4638554846519297,8,35.0,0.2726863333586896,2,13.0,0.6163875566513061,5,74.0,0.34349271502058704,1,56.0,0.4024227546223595,3,27.0,0.31054918927227126,0,4.0,0.9352725371650009,2,9.0,0.5185061336694541,2,32.0,0.4149737575125518,0,4.0,0.9071459730285604,2,9.0,0.47176040408200104,0,0.0,0.8210944266052369,7,43.0,0.44940710351096247,36,359.0
660.0,265,0,47,1495,1760,0,171.0,0.6452830188679245,7.7190772187432595,1,5.0,0.7020699451736049,0,0.0,0.7194858263547955,1,16.0,0.5022208178279587,6,22.0,0.20984422787370619,9,63.0,0.1739955167382691,1,8.0,0.7464968593815935,7,48.0,0.3233159785983054,2,16.0,0.4622406724766596,5,28.0,0.45550237605404953,1,1.0,0.7291240593688313,0,6.0,0.7382888333003342,7,36.0,0.42815178622710626,2,11.0,0.4848466167053509,2,19.0,0.619232414052548,0,0.0,0.8911538916133419,3,55.0,0.5850825916467822,47,334.0
665.0,270,0,32,1506,1776,0,108.0,0.4,7.521841821774614,1,4.0,0.6171988120368032,3,12.0,0.5092435679547431,2,6.0,0.2099867492576692,3,40.0,0.3781287938590656,3,61.0,0.4226448098202474,1,9.0,0.7805099612350651,4,66.0,0.3488252432364837,2,12.0,0.4318522990038541,2,27.0,0.581213126438958,3,14.0,0.48807004507876633,0,4.0,0.8947467618915281,2,39.0,0.4819261621367954,1,12.0,0.5401484746071382,0,10.0,0.2546227826812043,0,0.0,0.7128679313631275,5,45.0,0.5270881228305803,32,361.0
670.0,272,0,48,1520,1792,0,187.0,0.6875,8.089236611037922,3,12.0,0.6652373811409742,0,8.0,0.7307933727416308,3,15.0,0.17975134480602134,4,36.0,0.6669165091638009,4,43.0,0.6511256222247943,0,4.0,0.8291299316074406,8,69.0,0.37877068297442007,8,37.0,0.4657507355518122,5,27.0,0.5610984501381674,0,9.0,0.7349264632458886,1,1.0,0.6617588400457295,4,28.0,0.4524161983007819,1,9.0,0.5433971344399854,0,8.0,0.7007144385258782,2,5.0,0.578407316960435,5,37.0,0.13583053273457443,48,348.0
675.0,260,0,50,1540,1800,0,258.0,0.9923076923076923,7.528187054573204,1,10.0,0.5846143410082709,0,4.0,0.899544659415087,8,39.0,0.326360709805321,3,34.0,0.46798361835765995,2,36.0,0.45399321811485427,1,5.0,0.7200936960532209,6,81.0,0.3386550649669515,8,79.0,0.3179204990793454,7,56.0,0.4117070242657114,0,4.0,0.9021588393776011,2,14.0,0.4241775512453208,1,31.0,0.40609637615220745,5,28.0,0.48658036075822025,0,8.0,0.8991839423748981,0,5.0,0.7677878252677734,6,33.0,0.1518763402531041,50,467.0
680.0,262,0,65,1554,1816,0,431.0,1.6450381679389312,7.019402492349609,2,11.0,0.6173255200534925,2,2.0,0.5871208597862242,3,57.0,0.4283087931317304,7,46.0,0.28465332527946247,6,43.0,0.2953123130851394,0,4.0,0.6351537922709193,8,80.0,0.3330482971137402,11,127.0,0.25798115716811393,9,95.0,0.3088893394916878,2,7.0,0.6782319914271943,0,9.0,0.7486917258489139,7,45.0,0.4338518495079755,1,30.0,0.18838956259247264,0,4.0,0.7885081107563766,0,0.0,0.7626173475732511,7,66.0,0.5469213933890236,65,626.0
685.0,267,0,59,1565,1832,0,420.0,1.5730337078651686,7.068195335624515,1,4.0,0.6314450073395692,3,18.0,0.4820554906072118,0,30.0,0.5087244369438028,7,81.0,0.3934730344111684,8,60.0,0.2716839783994182,2,12.0,0.7202493669160768,10,104.0,0.20845832627358032,9,151.0,0.4438841046538636,4,92.0,0.5011024726624015,0,5.0,0.4570004808962695,0,4.0,0.919491917314354,2,45.0,0.4449451192828969,5,30.0,0.19182830813933965,1,6.0,0.4231322036126641,0,0.0,0.5605148119659836,7,101.0,0.5441933677791849,59,743.0
690.0,266,0,46,1574,1840,0,290.0,1.0902255639097744,7.217273494484484,2,9.0,0.6303301967599632,0,12.0,0.6632346485785001,0,4.0,0.5305646918999026,7,118.0,0.44723457603609124,4,41.0,0.5375306819435977,1,6.0,0.3724543675057503,6,106.0,0.1460373318556033,3,70.0,0.3889403057150536,0,20.0,0.5772835754171746,3,10.0,0.4191983259571903,1,3.0,0.621169508722944,6,39.0,0.444168652303987,5,55.0,0.5913268074806378,1,7.0,0.15062990517001226,2,4.0,0.5496341145453744,5,94.0,0.17851118309125377,46,598.0
695.0,271,0,49,1585,1856,0,320.0,1.1808118081180812,7.678153336917345,0,3.0,0.771880282907957,0,4.0,0.8557481168380356,1,7.0,0.43910305681418177,11,165.0,0.4133866893243492,7,47.0,0.5096759078149548,5,25.0,0.38729622967595034,3,64.0,0.26725274972243623,3,70.0,0.3342267243288143,4,10.0,0.4067111018080643,5,29.0,0.36694199847692244,3,18.0,0.4249322946288923,1,34.0,0.4999298926012556,0,42.0,0.773897227599055,0,3.0,0.4950920514292507,0,3.0,0.76816237453676,6,62.0,0.23153968808435874,49,586.0
700.0,270,0,55,1602,1872,0,449.0,1.662962962962963,7.523579938407863,1,3.0,0.7364036518938256,0,0.0,0.6995102574859942,1,8.0,0.15514355759239357,17,233.0,0.24313347949132147,8,83.0,0.3790113958987109,0,21.0,0.6806784249130919,3,38.0,0.20394293412225903,6,81.0,0.4522153493600641,2,19.0,0.4383313060356236,1,29.0,0.3910675814517197,0,14.0,0.6583863980522142,5,28.0,0.5250896032289755,2,10.0,0.4832635840713762,2,14.0,0.5984141584977882,0,0.0,0.8808297193671989,7,71.0,0.5432200952863551,55,652.0
705.0,263,0,52,1617,1880,0,428.0,1.6273764258555132,6.988645396624497,1,1.0,0.6950095250611044,2,8.0,0.5843453366863993,4,22.0,0.18398212831312413,21,326.0,0.07035509524321462,5,80.0,0.2735834007879386,1,5.0,0.5052987311849532,0,21.0,0.8051249928614653,6,74.0,0.2920546020635061,4,17.0,0.6011616955801333,1,9.0,0.7229528560121918,0,4.0,0.8658502871388282,0,25.0,0.5144718699944592,4,13.0,0.16628747799505209,2,24.0,0.7721623257640869,0,0.0,0.4772899511783804,1,64.0,0.610820315990818,52,693.0
710.0,265,0,51,1631,1896,0,340.0,1.2830188679245282,6.945966335064796,3,10.0,0.6481821974118527,0,2.0,0.7241407959870556,0,20.0,0.7887197863584527,19,369.0,0.09083225723774843,1,31.0,0.6283441089675831,5,24.0,0.30921535208955736,0,8.0,0.9191173017790728,5,46.0,0.32631794475553316,0,15.0,0.6314216589992572,2,10.0,0.6070475201044901,2,7.0,0.5407025787360193,4,20.0,0.40016365569501355,4,28.0,0.4390307562303932,2,12.0,0.5298686213991962,3,8.0,0.5209783012200462,1,17.0,0.2848285044470328,51,627.0
715.0,274,0,57,1638,1912,0,348.0,1.27007299270073,7.655627991133112,0,6.0,0.7280706978509436,0,2.0,0.906507925031109,0,6.0,0.8822975479313024,11,309.0,0.2837181043787878,1,13.0,0.8505864040249449,5,41.0,0.4812554601715037,1,6.0,0.40780665968500845,4,46.0,0.26844231705087895,2,7.0,0.4080749947668235,6,28.0,0.46537857228439244,4,30.0,0.4202881803369159,2,28.0,0.4594038416214781,3,27.0,0.5646354932020092,8,38.0,0.1968133487485136,4,26.0,0.6422871074546027,6,32.0,0.15308247597298344,57,645.0
720.0,275,0,41,1645,1920,0,186.0,0.6763636363636364,7.092193522669475,2,3.0,0.6856184682463834,0,0.0,0.5477070103255629,0,2.0,0.5761744305817957,8,343.0,0.2784014844759822,1,1.0,0.4549000387801945,0,28.0,0.4904507886259167,0,7.0,0.3534920685838756,9,81.0,0.20300612695555006,3,13.0,0.4287811396412519,0,30.0,0.41709868565266395,1,24.0,0.5959725580857226,5,32.0,0.4333755549588169,6,38.0,0.48434241979792375,4,51.0,0.43111935955661784,0,19.0,0.5022576653976436,2,40.0,0.48523496935783333,41,712.0
725.0,277,0,42,1659,1936,0,164.0,0.592057761732852,7.454001820053607,1,5.0,0.6660952542390856,2,12.0,0.48539984387447593,5,19.0,0.09229580512071972,9,375.0,0.18878143869302416,3,13.0,0.4651519470975285,3,33.0,0.32438237940800824,0,1.0,0.820232849981553,4,81.0,0.5156008819908615,3,12.0,0.6142989068771689,0,4.0,0.8215510875571561,0,4.0,0.8153272511429656,1,30.0,0.449282096812116,5,51.0,0.0980762724030593,2,33.0,0.7013185111904618,3,10.0,0.427313222062254,1,18.0,0.7758473968219279,42,701.0
730.0,274,0,53,1678,1952,0,240.0,0.8759124087591241,7.399107288395828,3,15.0,0.6390686269840652,0,8.0,0.7196242555595033,5,43.0,0.37485740748992374,15,443.0,0.06785185011265951,3,19.0,0.45839950935190515,6,62.0,0.3810222259144086,0,1.0,0.8877188034007734,1,34.0,0.7337901538525307,0,9.0,0.6178039484899808,2,7.0,0.6827193253588587,2,5.0,0.5658296375558816,6,33.0,0.4632038357046645,3,39.0,0.43108936265729797,2,19.0,0.5135392301039376,3,17.0,0.44627312973985134,2,17.0,0.5042103166318204,53,771.0
735.0,267,0,67,1693,1960,0,390.0,1.4606741573033708,7.423735103129334,0,9.0,0.6288373258995332,0,4.0,0.8889122646496055,0,27.0,0.747481969380303,15,444.0,0.30060539554241383,2,18.0,0.6640286401657539,9,101.0,0.3198740370335674,0,1.0,0.8660013583087072,3,16.0,0.47815840855849534,3,7.0,0.3916421945038789,4,22.0,0.4166778263319519,4,23.0,0.3032981656608615,6,59.0,0.507331153190658,3,41.0,0.5820031333730998,7,45.0,0.302476966200682,5,25.0,0.572970878965909,6,37.0,0.19348283119150386,67,879.0
740.0,272,0,49,1704,1976,0,298.0,1.0955882352941178,6.994431673979484,2,5.0,0.6663306688880507,0,0.0,0.7013518411609568,3,22.0,0.5741079880598235,11,383.0,0.2933142881379912,0,2.0,0.7490370745408134,6,108.0,0.43133901558047105,1,2.0,0.5318380287830153,2,16.0,0.20351689457337313,0,9.0,0.5749581085940304,0,25.0,0.33799497870941947,0,21.0,0.6187768873150545,6,93.0,0.3972803483679707,7,57.0,0.5625193083954991,2,44.0,0.3675724417826174,6,54.0,0.4673212129396126,3,39.0,0.08096563973766988,49,880.0
745.0,279,0,47,1713,1992,0,176.0,0.6308243727598566,7.201835271948029,1,5.0,0.6306509985921542,3,9.0,0.4769881273841398,5,47.0,0.22516504641841123,9,268.0,0.2256151002537861,3,12.0,0.6114712919743497,1,43.0,0.539233716727692,0,5.0,0.4240251951823887,4,23.0,0.2285652189488784,2,6.0,0.6976882680794864,3,18.0,0.6287577036294167,0,4.0,0.8893376771056897,4,82.0,0.3456002043733131,5,56.0,0.2478271176563264,1,20.0,0.76119161577269,4,55.0,0.25262618682193144,2,25.0,0.2989569852653693,47,678.0
750.0,274,0,38,1726,2000,0,155.0,0.5656934306569343,7.950877423467668,3,13.0,0.6254451149640841,0,10.0,0.6793774436428754,2,45.0,0.4370583242098886,7,208.0,0.29103343865524367,5,31.0,0.4242017827425731,6,28.0,0.43135729717272014,0,0.0,0.5536765722754332,0,17.0,0.6951324613576713,0,2.0,0.6816295174858613,2,14.0,0.5468382759854975,0,0.0,0.6513617559735231,0,25.0,0.5492683925090293,6,47.0,0.16482783953520158,1,12.0,0.8286045493422255,4,30.0,0.40169319308756574,2,23.0,0.7356456927809213,38,505.0
755.0,272,0,42,1744,2016,0,200.0,0.7352941176470589,8.032438836822397,0,6.0,0.6883032098828489,0,4.0,0.820393601262102,0,15.0,0.8126392072776913,4,196.0,0.38005246265252257,2,29.0,0.3719002164524943,2,35.0,0.21017073032319944,3,9.0,0.14648148071671038,0,8.0,0.8095708373959576,3,6.0,0.4002011548026866,5,26.0,0.402849841026546,3,13.0,0.4657623590196633,4,29.0,0.42501307682364087,10,76.0,0.3921706480848648,0,2.0,0.3363357491079786,4,40.0,0.6707036420773254,2,31.0,0.7726675454123851,42,525.0
760.0,266,0,47,1766,2032,0,191.0,0.7180451127819549,7.616927711019397,2,4.0,0.7458881223659569,1,4.0,0.6891131109926925,2,10.0,0.5745822879409561,8,190.0,0.4074558868401,1,12.0,0.609093941258432,6,34.0,0.42854009285382233,5,33.0,0.44609333314301464,1,9.0,0.5729635737539543,1,12.0,0.575732102149387,3,38.0,0.3567296300314796,0,9.0,0.7135347132727966,7,64.0,0.32167211129998585,5,90.0,0.5033873145279495,2,13.0,0.2672824821242298,1,25.0,0.6427738003117826,2,9.0,0.4903334966489498,47,556.0
765.0,254,0,55,1786,2040,0,261.0,1.0275590551181102,6.696738883302003,1,1.0,0.6005875954818726,3,18.0,0.4522681726828617,4,18.0,0.13561705348817724,10,179.0,0.2752557792454505,1,15.0,0.810563342341154,0,33.0,0.7483285922359002,0,32.0,0.6319173471952467,6,28.0,0.3411245177939086,2,8.0,0.6658895540803095,2,21.0,0.6649979939371808,0,4.0,0.9090713114403396,11,110.0,0.2790978134783845,5,63.0,0.2996861043701529,2,25.0,0.7129249662336498,3,12.0,0.44029496416414027,5,20.0,0.14656220192634345,55,587.0
770.0,266,0,53,1790,2056,0,255.0,0.9586466165413534,7.154819656518936,4,15.0,0.5736448965593787,0,12.0,0.6979351503668784,3,32.0,0.2729960568737214,9,127.0,0.13661680398747594,1,20.0,0.8152347705480902,2,10.0,0.6929090295542432,1,9.0,0.5837103923682609,12,78.0,0.18246852098411262,0,4.0,0.6865636966658558,2,28.0,0.7517734579045641,0,0.0,0.7581988831935539,7,123.0,0.38212636009089596,5,78.0,0.18826214279293388,0,8.0,0.9050461974280488,3,13.0,0.4218999954247158,4,36.0,0.16239776268177555,53,593.0
775.0,281,0,52,1791,2072,0,293.0,1.0427046263345197,7.342254528046019,0,14.0,0.6617794905165103,0,4.0,0.8943449568983634,4,26.0,0.5486255239866684,8,113.0,0.24218885913710847,0,4.0,0.5971130839786631,1,10.0,0.23328160088814728,6,34.0,0.4258514306769895,12,138.0,7.757127566036505e-06,2,4.0,0.5782285177822309,0,4.0,0.4731054413262737,2,11.0,0.5535208993899937,2,63.0,0.4207160097160566,10,90.0,0.3199937673374912,1,5.0,0.5730347076028873,4,26.0,0.6620995294096392,0,22.0,0.7352633196837692,52,568.0
780.0,277,0,60,1803,2080,0,391.0,1.4115523465703972,7.297325570638146,2,8.0,0.623462006117317,0,0.0,0.8331677713756263,7,51.0,0.5477838239464948,8,122.0,0.4309005214515771,1,8.0,0.5218987245760809,7,29.0,0.1605869580388939,2,37.0,0.45068423745573205,6,151.0,0.13372331002272156,0,2.0,0.5221848115164619,2,9.0,0.5004229961257265,0,7.0,0.7198689005645248,6,44.0,0.44706338269000906,12,141.0,0.3406786078840127,3,9.0,0.1068307103207443,1,19.0,0.5185717484654779,3,24.0,0.7072214030705798,60,661.0
785.0,275,0,63,1821,2096,0,486.0,1.7672727272727273,7.587041099231861,3,22.0,0.5665429024344892,1,2.0,0.6488510907309544,11,92.0,0.17928502557847079,8,140.0,0.5490607033985466,3,22.0,0.6027807478741407,8,69.0,0.33977938453608575,5,23.0,0.6213551331941038,0,92.0,0.6631665365863062,2,7.0,0.6970804976215847,3,22.0,0.5894646620890217,0,4.0,0.9142661260985352,2,39.0,0.391864325348119,6,140.0,0.14949710098947938,2,14.0,0.29957371584012593,3,15.0,0.4837565562503757,6,45.0,0.4003199338257318,63,748.0
790.0,274,0,39,1838,2112,0,176.0,0.6423357664233577,7.024109917038263,0,11.0,0.6521449380515022,0,3.0,0.6926596061567255,11,119.0,0.059139969703608415,4,124.0,0.4717417709619306,0,18.0,0.7058576021905546,2,71.0,0.3852588619921215,1,23.0,0.42463546236967736,1,68.0,0.5151727669773298,0,4.0,0.7420250390748374,0,14.0,0.6997908597803472,0,0.0,0.7164860105125813,6,34.0,0.39215215800967423,6,99.0,0.40236269546093195,1,10.0,0.4840837591942728,3,14.0,0.5102361819076007,4,54.0,0.19219832942699272,39,666.0
795.0,267,0,59,1853,2120,0,240.0,0.898876404494382,7.216199345607316,2,3.0,0.6379398862203168,0,4.0,0.8759486070361757,4,97.0,0.40424905668639644,5,64.0,0.2116537542540437,2,6.0,0.49999378549131096,1,30.0,0.5212461086845164,7,32.0,0.3158221782357247,6,86.0,0.3619190617093355,2,5.0,0.4610705088441737,2,6.0,0.5919758648390883,3,10.0,0.49264073062315145,5,47.0,0.3667987410822698,7,64.0,0.5724994455560898,4,26.0,0.7023149775518336,3,20.0,0.7216793177309019,6,33.0,0.3988127143306039,59,533.0
800.0,273,0,46,1863,2136,0,258.0,0.945054945054945,7.630065501198865,3,17.0,0.6386859965915728,0,4.0,0.8708189654753558,3,60.0,0.6067408020291536,7,61.0,0.2682300034079534,1,9.0,0.43493810699620844,1,14.0,0.7178861253060523,6,53.0,0.4688691205751481,5,81.0,0.5007612456448831,1,7.0,0.4590989648908831,1,5.0,0.42277611251642605,1,8.0,0.4566276841775755,6,51.0,0.407054252489826,3,63.0,0.3566366813555608,1,21.0,0.5726942132181135,0,9.0,0.698962906534156,7,59.0,0.5914753686705332,46,522.0
805.0,279,0,37,1873,2152,0,129.0,0.46236559139784944,7.290796980210006,1,13.0,0.5676540132080728,1,1.0,0.7096177227341376,1,45.0,0.46171242031444715,2,55.0,0.3985153970986088,3,16.0,0.631348765409619,2,7.0,0.284309148519238,2,33.0,0.5237257872702765,1,31.0,0.6074780951361695,1,6.0,0.7343519844459058,3,16.0,0.6572406199095475,1,9.0,0.6926297774011455,2,49.0,0.42413660598813585,6,48.0,0.22324792202724553,6,23.0,0.21537289032026047,3,8.0,0.5588288014641702,2,61.0,0.40960919065232765,37,421.0
810.0,281,0,53,1879,2160,0,189.0,0.6725978647686833,6.988233747750259,3,15.0,0.5781545404222618,1,2.0,0.37409842223119155,3,36.0,0.4925709617459547,4,35.0,0.6154750428496937,1,15.0,0.6353342213136141,2,19.0,0.5730270780603404,3,39.0,0.3440163836821342,7,32.0,0.3689282927828178,1,1.0,0.718248463166711,0,12.0,0.6855805171003079,1,16.0,0.780678520013406,6,36.0,0.4994252622117636,3,53.0,0.37750303441789346,9,55.0,0.13477449097683292,2,7.0,0.35502901744282267,7,46.0,0.19354034332872444,53,419.0
815.0,283,0,59,1893,2176,0,302.0,1.0671378091872792,7.144558557573928,1,10.0,0.5628022449995589,5,22.0,0.44457210217324655,2,23.0,0.16760834662423987,6,52.0,0.4206679710269758,2,12.0,0.4545857338059164,1,9.0,0.8048371964909907,5,60.0,0.3673425814026526,6,49.0,0.2139924742886556,2,8.0,0.4543143121246238,1,5.0,0.5682720377673598,1,5.0,0.761719558779879,7,67.0,0.5313370137009863,8,60.0,0.5798995209269253,4,60.0,0.5780622441670983,4,23.0,0.507240113716569,4,49.0,0.33330240214217777,59,514.0
820.0,288,0,55,1904,2192,0,245.0,0.8506944444444444,7.08145706969918,3,13.0,0.6686006582645756,0,23.0,0.6608495868511037,6,30.0,0.4421739657202364,6,67.0,0.19814062218873327,3,18.0,0.3366503325727566,1,12.0,0.7729758024025452,5,59.0,0.2918446954283764,5,43.0,0.24149338656603708,1,11.0,0.5235668558049771,0,2.0,0.5405117756795473,2,9.0,0.6469131839815584,3,62.0,0.33812475164482575,8,96.0,0.5035718366632933,4,63.0,0.5927965996474711,2,21.0,0.6052005650829695,6,50.0,0.3877755647764259,55,579.0
825.0,279,0,66,1921,2200,0,391.0,1.4014336917562724,7.031065264904969,1,8.0,0.5675372664279398,3,11.0,0.6750968779499359,2,36.0,0.5388555446101568,5,43.0,0.41677247111139726,3,20.0,0.5705710959321042,2,19.0,0.20831674854367574,6,46.0,0.3999894601693983,3,53.0,0.5084832662406424,3,17.0,0.6152042986243111,1,7.0,0.6667510537464683,1,8.0,0.41301226824769127,5,32.0,0.2323604599009513,11,142.0,0.1916610747555426,9,78.0,0.3753161469036085,4,20.0,0.6376909474046555,7,70.0,0.40487577858076557,66,610.0
830.0,280,0,60,1936,2216,0,348.0,1.2428571428571429,6.786500913598805,3,13.0,0.6296035321701486,1,11.0,0.4537359365351587,3,27.0,0.43452982927393796,7,58.0,0.6193479109329251,1,17.0,0.5844395523587281,2,24.0,0.23410636631835505,4,56.0,0.1108894643345788,5,57.0,0.6909777181419616,0,9.0,0.6546017531946932,4,23.0,0.6426905589308975,3,19.0,0.6860936128961311,2,34.0,0.4315919115510851,9,150.0,0.12032535058333649,14,138.0,0.10555827711918357,1,13.0,0.47437942119729687,1,64.0,0.5155062533611627,60,713.0
835.0,284,0,62,1948,2232,0,473.0,1.6654929577464788,7.422498277565637,1,9.0,0.647845749353568,6,30.0,0.42196976883006815,3,38.0,0.5508679577450826,7,89.0,0.6147009027163279,3,19.0,0.4430308512186988,0,12.0,0.7705312652866544,5,48.0,0.4467340515766937,7,81.0,0.40531306896723185,0,4.0,0.5545187773586764,1,17.0,0.35865532467075095,0,11.0,0.8258463829922292,5,31.0,0.6298853296465786,2,98.0,0.576040624180221,19,227.0,0.04617092205558593,3,9.0,0.4459438994331492,0,18.0,0.551047203622623,62,741.0
840.0,282,0,62,1958,2240,0,517.0,1.8333333333333333,6.975889968082941,3,11.0,0.5975932081968505,0,28.0,0.6653896114461602,3,53.0,0.6481727674405066,11,135.0,0.377735117060602,2,21.0,0.3470595033258094,0,8.0,0.8786531901879618,4,53.0,0.39036939496499984,12,132.0,0.2122397586411432,1,9.0,0.4646046337087091,4,24.0,0.46189756080979033,2,5.0,0.6552983404161739,0,23.0,0.5902846960619996,3,75.0,0.5283497539600003,15,270.0,0.24204640496442847,1,14.0,0.6424752096212386,1,9.0,0.5131545411788221,62,870.0
845.0,288,0,75,1968,2256,0,522.0,1.8125,6.314649265450969,1,6.0,0.6362633213394673,2,11.0,0.7403047953275628,0,23.0,0.36116120793380224,15,204.0,0.0899376922593175,3,21.0,0.6353251277917303,1,6.0,0.41527334662018217,6,60.0,0.43418535778494677,13,160.0,0.2765108302482358,2,14.0,0.6583256320174169,1,21.0,0.6450332588993035,2,7.0,0.392175426303934,4,19.0,0.365054318692643,9,105.0,0.1707693477697033,6,224.0,0.46742899965036866,3,20.0,0.6401312696822427,7,30.0,0.4821056504733074,75,931.0
850.0,299,0,75,1973,2272,0,539.0,1.8026755852842808,5.870527067380316,2,8.0,0.7091933387830957,2,8.0,0.45258650919359944,1,4.0,0.6040743861110373,20,298.0,0.05697116228311539,0,9.0,0.7418725548766701,7,35.0,0.13189901935784856,4,57.0,0.4961373632908604,9,122.0,0.27737453617233343,0,5.0,0.7157018274940737,3,19.0,0.5806485786541024,4,29.0,0.6314982306018061,1,22.0,0.4293996520781205,14,172.0,0.07855615916108627,2,233.0,0.22410544239308566,3,20.0,0.34658188689620323,3,41.0,0.4063580323995647,75,1082.0
855.0,298,0,94,1982,2280,0,846.0,2.838926174496644,6.003184190815864,0,3.0,0.6418686209011978,7,29.0,0.293571935025969,1,9.0,0.5948492487548648,25,417.0,0.19201143641185853,1,3.0,0.48688010287852485,8,77.0,0.5233490336852276,8,47.0,0.41668203695183076,5,110.0,0.2353725367065759,1,3.0,0.5368836232383838,0,13.0,0.3770742818487551,1,20.0,0.7061643050821083,5,29.0,0.6162452964759506,14,244.0,0.3770965249492717,8,268.0,0.12227503310931434,6,35.0,0.3780845440992542,4,35.0,0.47181400001149143,94,1342.0
860.0,300,0,69,1996,2296,0,631.0,2.1033333333333335,6.015076192595088,2,8.0,0.6998931946327664,2,37.0,0.5976298693539337,3,21.0,0.1857842310588177,19,457.0,0.19837070167085757,1,10.0,0.5344427064442621,2,75.0,0.6503679211737363,10,75.0,0.23703784525602042,2,118.0,0.2962719852777458,0,10.0,0.5086659941006677,4,20.0,0.38334375451920816,2,9.0,0.5628470615326505,1,31.0,0.4726627902953014,8,233.0,0.3384658836719663,8,260.0,0.23973474928211938,1,32.0,0.6046389401943272,4,47.0,0.5759247840136799,69,1443.0
865.0,306,0,61,2006,2312,0,334.0,1.091503267973856,6.386624742942931,0,4.0,0.7531147860136231,0,13.0,0.727515151998048,0,12.0,0.7185491472654424,13,389.0,0.12113676693726842,2,14.0,0.6992259545508859,1,32.0,0.3804864768613112,6,72.0,0.13401319634813852,6,132.0,0.3059514553887774,2,8.0,0.7337437704340134,5,47.0,0.5905862340890103,2,12.0,0.39181066824328453,6,30.0,0.2378356743550759,6,143.0,0.1550756523417273,6,196.0,0.38593760543099126,3,13.0,0.7231899465066455,3,41.0,0.3684827431602302,61,1158.0
870.0,310,0,54,2010,2320,0,258.0,0.832258064516129,7.004410334920279,2,4.0,0.7259543402456488,1,5.0,0.5079141846508474,0,8.0,0.7887953722215428,9,309.0,0.3040434110708094,0,6.0,0.7837986242998242,6,31.0,0.3000560483844432,6,83.0,0.08887979324572631,12,180.0,0.2628366721816945,0,5.0,0.8124349464460746,1,35.0,0.6179026903745111,4,26.0,0.6380534436281602,2,35.0,0.3825501323429099,5,89.0,0.30425026604015065,4,219.0,0.23496588848521385,0,9.0,0.449934209327668,2,23.0,0.5240222303416783,54,1067.0
875.0,307,0,65,2029,2336,0,306.0,0.996742671009772,7.023058847040283,1,3.0,0.7129127105895026,6,26.0,0.35476764605466626,0,4.0,0.796413786277462,3,297.0,0.42685206081279264,2,6.0,0.44539270458741254,4,40.0,0.3534221554072575,6,85.0,0.2539391079263122,10,207.0,0.20006869794960985,2,6.0,0.51574842853831,2,10.0,0.5323293927872551,0,19.0,0.7307832676756998,6,35.0,0.6030484099718704,5,64.0,0.6375962649413742,9,250.0,0.10214648949482182,6,24.0,0.3458683764739974,3,35.0,0.4706080883726456,65,1111.0
880.0,310,0,68,2042,2352,0,368.0,1.1870967741935483,6.921652941856082,2,10.0,0.6735753387642117,2,32.0,0.5758307755556329,0,4.0,0.6258594845670497,8,288.0,0.35583993750117343,0,10.0,0.5079631592407278,8,49.0,0.4044652560426334,4,80.0,0.559169803474,5,154.0,0.3511423929328047,2,13.0,0.4310102155797914,2,8.0,0.4326689672938114,2,8.0,0.6333505844370833,2,38.0,0.3825124151869231,5,83.0,0.6011043676937504,17,322.0,0.02710982013790873,1,32.0,0.6172031685671627,8,65.0,0.4098263539535906,68,1196.0
885.0,302,0,69,2058,2360,0,476.0,1.576158940397351,6.185388472131305,1,6.0,0.6451169251821823,3,19.0,0.6534844513935282,2,5.0,0.3454146831266422,8,278.0,0.1560074450040033,2,9.0,0.6510940786392089,3,62.0,0.2589620225108162,3,52.0,0.6300175356719346,3,164.0,0.3975385234283873,3,15.0,0.6302878982616881,4,26.0,0.6655857616885764,0,7.0,0.3853289700898394,6,34.0,0.2133231118329502,8,109.0,0.15060918422324038,18,414.0,0.22006128841327557,2,15.0,0.6937731381000991,3,56.0,0.38942063298988067,69,1271.0
890.0,306,0,75,2070,2376,0,531.0,1.7352941176470589,6.401405215435786,2,10.0,0.6226159982136785,1,10.0,0.4851302367025684,7,22.0,0.29533901718741384,8,206.0,0.3137146057160811,0,7.0,0.8235745590444874,6,52.0,0.41916067728679607,1,36.0,0.3231258170505301,8,173.0,0.3213000890107039,1,12.0,0.6843942165182517,4,46.0,0.6751822560102905,3,17.0,0.6540540794750712,3,41.0,0.4231475876858616,11,169.0,0.09737693365814017,12,406.0,0.33456167504241413,2,16.0,0.4322556345475955,6,49.0,0.4234754298487786,75,1272.0
895.0,316,0,61,2076,2392,0,294.0,0.930379746835443,6.226560336100494,1,7.0,0.6373108787896341,6,27.0,0.3864782940554865,9,57.0,0.10435303398557853,4,195.0,0.22652681107462058,1,5.0,0.5276610811187059,2,48.0,0.6283935098515844,5,45.0,0.24001618095781696,9,168.0,0.13032344972927953,1,11.0,0.48418654738373146,0,32.0,0.3843440160086665,0,11.0,0.740909877585913,3,30.0,0.7041055179433227,5,154.0,0.5277217867339166,5,295.0,0.319414161331549,8,47.0,0.36682054330224023,2,50.0,0.3938996642902049,61,1182.0
900.0,312,0,56,2088,2400,0,218.0,0.6987179487179487,6.9485892878180975,2,11.0,0.5969354799981154,0,26.0,0.5937117106447755,9,77.0,0.29427804340765074,8,199.0,0.11245661020745175,6,30.0,0.35287338691735626,1,28.0,0.5454897158255452,4,40.0,0.5259454528988032,6,106.0,0.3269166048957263,2,19.0,0.3575023642746219,1,7.0,0.5633992948941154,1,5.0,0.5332097333043607,0,13.0,0.5295959561421997,0,65.0,0.6723687146288515,6,148.0,0.4490985608682351,3,53.0,0.4925096945393394,7,51.0,0.35450565994168276,56,878.0
905.0,309,0,54,2107,2416,0,239.0,0.7734627831715211,7.0907144228358625,0,5.0,0.6456586430085905,3,11.0,0.7295785636598476,4,89.0,0.43039993972356644,8,181.0,0.11037612334827761,0,29.0,0.6391946785235915,4,26.0,0.2756040769028937,4,31.0,0.6220548146196203,6,81.0,0.44592393140231473,2,13.0,0.6692221213251854,1,5.0,0.5979058491653615,1,8.0,0.5301452799105209,4,19.0,0.2909311877014942,1,7.0,0.4379198267577777,4,164.0,0.40055178179410594,2,23.0,0.6387424273614714,10,95.0,0.3645409517175669,54,787.0
910.0,311,0,75,2121,2432,0,488.0,1.5691318327974277,7.16607205304007,2,6.0,0.6377877941075197,4,23.0,0.49249241946731315,10,98.0,0.2947896005269857,2,107.0,0.5388584114233513,1,5.0,0.7654969015308801,8,44.0,0.13917482196834416,8,53.0,0.1682489933143919,6,86.0,0.5580283159282424,5,28.0,0.6778978412739315,3,18.0,0.7263616330646983,1,9.0,0.7707602597197891,6,49.0,0.4022423615429304,2,12.0,0.1256798605186102,7,161.0,0.41381681531350395,0,14.0,0.460505091710278,10,147.0,0.3289197471519668,75,860.0
915.0,305,0,80,2135,2440,0,567.0,1.859016393442623,6.074616443518089,1,6.0,0.6533169237587205,1,22.0,0.3851065041587335,13,158.0,0.370127411415189,2,71.0,0.5293958237019589,3,14.0,0.5459231570576548,5,52.0,0.07142101581499125,10,101.0,0.03906588690065001,4,79.0,0.30858587762041273,0,22.0,0.5352197410943997,0,12.0,0.4774030175900799,0,4.0,0.8571358736508273,0,46.0,0.4848613034281023,6,33.0,0.1869990865041263,14,202.0,0.196511692359712,7,34.0,0.2881349551589727,14,210.0,0.25775313800468264,80,1066.0
920.0,306,0,81,2150,2456,0,511.0,1.6699346405228759,6.065568556223608,3,12.0,0.6151860630930205,1,7.0,0.7004001436135506,9,172.0,0.2110166038066298,9,99.0,0.31020456905545585,1,14.0,0.42346613282881246,1,27.0,0.37584643782807436,4,108.0,0.39791540429552913,6,41.0,0.32155281941481134,6,24.0,0.31182736005386996,2,7.0,0.4889326664345354,1,3.0,0.6573993501507766,0,6.0,0.6334140378407972,6,64.0,0.569296112123869,13,213.0,0.13715050292070144,5,47.0,0.43753223610307773,14,233.0,0.23271824082507864,81,1077.0
925.0,307,0,54,2165,2472,0,249.0,0.8110749185667753,6.724354680767411,0,7.0,0.8137250052571887,2,7.0,0.7350433446730037,7,142.0,0.1355518937952624,8,109.0,0.08648588637751306,3,19.0,0.6820513975558872,3,26.0,0.6858789295350537,0,48.0,0.7882571876338691,1,39.0,0.3616535242484163,11,69.0,0.24145287292738454,2,5.0,0.4696364709781335,1,7.0,0.537730618297288,1,6.0,0.5181305799380891,0,54.0,0.6780726464429558,7,145.0,0.1966675613787765,3,32.0,0.5416177620173288,5,178.0,0.17717295622481605,54,893.0
930.0,302,0,68,2178,2480,0,408.0,1.3509933774834437,7.2346936293824085,0,0.0,0.7525426936373294,3,19.0,0.4954568967974157,6,86.0,0.2819163489434961,9,106.0,0.12560405237859631,0,11.0,0.7513800490298329,3,41.0,0.7111528830365851,1,36.0,0.699482043079781,9,44.0,0.23785301319835642,12,131.0,0.33440277850878736,3,16.0,0.5196027788011915,2,13.0,0.7430439700505858,5,25.0,0.5443587617962706,2,12.0,0.4305348553479095,2,138.0,0.49764569267415276,5,38.0,0.4534806692782448,6,95.0,0.37968722129977006,68,811.0
935.0,304,0,60,2192,2496,0,367.0,1.207236842105263,6.445172869211385,2,7.0,0.6616379469016185,2,16.0,0.35930061135520464,6,92.0,0.21269060090238145,3,121.0,0.30539842161290626,2,9.0,0.6301174565013389,3,25.0,0.38678922912016583,6,58.0,0.4365009425290811,7,65.0,0.34614009377918226,6,141.0,0.3877900114671094,1,11.0,0.5868649172921236,0,2.0,0.8034679907165666,5,54.0,0.39786946806367496,6,29.0,0.2409864014214961,8,155.0,0.4606531801350525,1,31.0,0.3327730647783591,2,101.0,0.41140711816398745,60,917.0
940.0,306,0,85,2206,2512,0,496.0,1.6209150326797386,5.6562267573692795,1,8.0,0.6768168541215942,4,24.0,0.5219154241216138,6,127.0,0.4020089005641904,9,137.0,0.2837695001290567,2,8.0,0.45014869199109686,7,33.0,0.15147577911299012,11,106.0,0.3292097896839397,4,52.0,0.38040125371480443,2,90.0,0.3468619035407363,2,13.0,0.7431263891900308,3,8.0,0.6767523704547748,8,82.0,0.3417067585412829,6,43.0,0.049031141976575786,9,161.0,0.15630568804230696,4,21.0,0.5776944844803382,7,103.0,0.3160603701509202,85,1016.0
945.0,304,0,99,2216,2520,0,688.0,2.263157894736842,6.023633927687136,2,9.0,0.6135241162635567,1,20.0,0.6703106393151728,6,157.0,0.542312774140241,15,195.0,0.1465948828721407,6,27.0,0.3515677107007929,12,86.0,0.2858526533511031,17,181.0,0.2807901940725239,1,40.0,0.5051023084609125,4,24.0,0.4616837477946564,0,4.0,0.7879161421989502,1,5.0,0.47757127267466387,5,87.0,0.43265777758818436,2,36.0,0.3145095670795017,11,148.0,0.14331717349884243,3,22.0,0.5627728405362524,13,159.0,0.2967169759334721,99,1200.0
950.0,309,0,90,2227,2536,0,630.0,2.0388349514563107,5.798950732829865,1,5.0,0.5865168413007968,2,13.0,0.7355645656314688,3,127.0,0.4320907115888315,16,281.0,0.07049680225828463,3,38.0,0.5353992671701147,12,150.0,0.33188142601658754,19,220.0,0.15503235950652225,7,45.0,0.3875459487593325,2,25.0,0.4335377040179451,2,6.0,0.6369725994169344,3,17.0,0.5004377774166586,2,39.0,0.5034813294001396,2,26.0,0.46052275135276344,2,129.0,0.36063028724074214,4,24.0,0.4480970093101746,10,173.0,0.12840799554990842,90,1318.0
955.0,319,0,84,2233,2552,0,624.0,1.9561128526645768,5.974942128950286,2,10.0,0.6468455844112072,1,6.0,0.5164032545590742,2,21.0,0.28352209351782787,16,363.0,0.37324791846386346,3,29.0,0.6538463616358692,8,161.0,0.3104648141764445,14,218.0,0.09250538852238065,5,55.0,0.26378626982066317,5,30.0,0.5094730343765783,0,2.0,0.36213218946507253,3,32.0,0.6896999984597927,4,48.0,0.37085346620793513,5,48.0,0.6256828932816011,7,134.0,0.38141425549679264,3,24.0,0.3705644918810365,6,131.0,0.23105981160942032,84,1312.0
960.0,317,0,71,2243,2560,0,418.0,1.3186119873817035,5.789903936191957,1,6.0,0.6454537499731036,5,23.0,0.34759649784643615,4,31.0,0.2154794648190376,12,365.0,0.34877062705614054,3,26.0,0.350970443107895,6,108.0,0.3376198055738069,7,251.0,0.14352171438854422,5,43.0,0.2512760869270369,4,37.0,0.2977274474310443,1,6.0,0.4311920372317325,3,47.0,0.6593701715248247,7,68.0,0.41166032159507404,1,36.0,0.5251204606616636,8,129.0,0.1842264851061491,3,21.0,0.4580340010304982,1,97.0,0.5319888541486558,71,1294.0
965.0,322,0,89,2254,2576,0,475.0,1.4751552795031055,6.702586528507804,3,12.0,0.6694560321193445,1,27.0,0.6471629410462044,6,49.0,0.544120074847258,9,282.0,0.19236193214200734,7,43.0,0.2843097395700934,6,65.0,0.4750321721573247,8,260.0,0.27347864201725264,7,56.0,0.4071667906052094,4,29.0,0.45070239867858447,3,20.0,0.6372676271521216,1,23.0,0.4067352743383068,13,121.0,0.3459797763581307,5,21.0,0.2644673520256829,7,102.0,0.12227418369273103,3,34.0,0.4767729621369094,6,93.0,0.5796275290162507,89,1237.0
970.0,323,0,61,2269,2592,0,388.0,1.2012383900928794,6.803357146241103,0,4.0,0.6746711599854324,2,13.0,0.720196285538394,6,78.0,0.6109428396927216,6,161.0,0.2631969012700743,4,54.0,0.3247766152813607,6,91.0,0.4673971619336697,11,266.0,0.09191867379806726,1,52.0,0.5474201992367883,0,17.0,0.598771399837742,0,11.0,0.7379681598375832,3,13.0,0.45424557669011667,10,135.0,0.17908734597690804,2,29.0,0.186159418090715,1,107.0,0.23800406349196795,0,14.0,0.7666200905815038,9,131.0,0.3393872993436802,61,1176.0
975.0,306,0,70,2294,2600,0,322.0,1.0522875816993464,6.491503768193108,1,5.0,0.7042529990124035,1,7.0,0.45136104826518847,10,113.0,0.30547798639926266,4,173.0,0.3910521201178003,3,36.0,0.5707195944509874,6,83.0,0.12193163240765797,10,239.0,0.188560088972656,1,9.0,0.20482880446130705,2,17.0,0.7749433741721721,2,6.0,0.5142817915225801,1,12.0,0.5957394510436423,5,108.0,0.20394012624923777,5,38.0,0.5893793227118921,7,113.0,0.4196217982641236,2,8.0,0.7193861397785304,10,140.0,0.1100589312451136,70,1107.0
980.0,302,0,59,2314,2616,0,365.0,1.2086092715231789,6.462847680176095,0,2.0,0.6767222596035797,5,26.0,0.3583639262648543,15,177.0,0.040502478748099854,9,181.0,0.33282110604947657,0,16.0,0.6209360697165847,2,41.0,0.4932773021748621,3,225.0,0.335013838909356,0,9.0,0.5641089737804946,2,8.0,0.40927274479514575,0,7.0,0.36371240810557204,3,22.0,0.6837218440502962,3,98.0,0.5181524585038333,0,31.0,0.7318583125218939,12,166.0,0.3353248885978269,0,3.0,0.642217111975903,5,105.0,0.19496576717158332,59,1117.0
985.0,301,0,67,2331,2632,0,392.0,1.302325581395349,6.631609414752502,2,6.0,0.7351418285032009,0,24.0,0.6615404087238609,11,194.0,0.2724201335141816,5,156.0,0.28845173051605105,2,16.0,0.5179954155245369,2,27.0,0.6211019935740086,7,228.0,0.2990822204241283,0,8.0,0.9176344587194467,3,20.0,0.5376006471026101,3,15.0,0.6415083728363101,2,17.0,0.3876911060418086,7,107.0,0.46373115541480636,1,7.0,0.43470473735352844,17,237.0,0.140397806176868,3,12.0,0.4055501214012536,2,104.0,0.4749295492045362,67,1178.0
990.0,299,0,67,2341,2640,0,433.0,1.4481605351170568,6.560910534937105,1,5.0,0.6431642266196218,2,7.0,0.7191178022726689,1,127.0,0.5705965699460794,5,63.0,0.5889299154671201,1,13.0,0.4937612701469141,6,46.0,0.48752221967319553,8,220.0,0.15958107063876834,0,2.0,0.8295290909048502,4,36.0,0.5701438742819595,2,19.0,0.6152225136840289,3,15.0,0.48349293805333954,8,107.0,0.1025036406076093,2,13.0,0.1329505268571502,17,328.0,0.06289851556744608,0,15.0,0.6280808749577464,7,105.0,0.4399730363173005,67,1121.0
995.0,307,0,72,2349,2656,0,517.0,1.6840390879478828,6.076999531289262,2,9.0,0.665322923760566,3,9.0,0.46903728317904747,1,110.0,0.3344694349417997,5,75.0,0.42681214033196563,3,16.0,0.621251797823091,4,46.0,0.09144882051006842,9,175.0,0.18118072840771535,2,11.0,0.2802266442945226,0,23.0,0.6241589037937535,4,23.0,0.41661666250505786,3,17.0,0.5377063505022728,6,85.0,0.21908572195235043,5,34.0,0.44536555207272965,17,415.0,0.3494766292287971,2,11.0,0.6299993330524618,6,103.0,0.1362363870936445,72,1162.0
1000.0,308,0,76,2364,2672,0,707.0,2.2954545454545454,6.339131041203939,0,3.0,0.640216639438965,6,35.0,0.401812235696637,7,133.0,0.07069013953554706,6,79.0,0.2065277614332863,0,10.0,0.7203730606890237,3,38.0,0.4706890075983607,6,118.0,0.3718346079510057,0,14.0,0.6445155401362479,2,6.0,0.4982963568011028,5,27.0,0.32330269815106794,4,30.0,0.636755092233792,4,87.0,0.4743540173483279,5,59.0,0.6551658111047997,18,499.0,0.2580137508437763,4,24.0,0.5260368195704944,6,80.0,0.19430929921130818,76,1242.0
